-- phpMyAdmin SQL Dump
-- version 3.3.9
-- http://www.phpmyadmin.net
--
-- Host: localhost
-- Generation Time: Jul 31, 2017 at 07:25 PM
-- Server version: 5.0.91
-- PHP Version: 5.2.17

SET SQL_MODE="NO_AUTO_VALUE_ON_ZERO";


/*!40101 SET @OLD_CHARACTER_SET_CLIENT=@@CHARACTER_SET_CLIENT */;
/*!40101 SET @OLD_CHARACTER_SET_RESULTS=@@CHARACTER_SET_RESULTS */;
/*!40101 SET @OLD_COLLATION_CONNECTION=@@COLLATION_CONNECTION */;
/*!40101 SET NAMES utf8 */;

--
-- Database: `adaptwebintegrador`
--

-- --------------------------------------------------------

--
-- Table structure for table `curso`
--

CREATE TABLE IF NOT EXISTS `curso` (
  `CodigoCurso` int(11) NOT NULL,
  `NomeCurso` varchar(30) default NULL,
  `CodigoUsuario` int(11) NOT NULL
) ENGINE=MyISAM DEFAULT CHARSET=latin1;

--
-- Dumping data for table `curso`
--

INSERT INTO `curso` (`CodigoCurso`, `NomeCurso`, `CodigoUsuario`) VALUES
(19, 'Ensino Médio', 6),
(18, 'Química', 3),
(17, 'Biologia', 3),
(15, 'Geografia', 6),
(13, 'Licenciatura PLena em Física', 3),
(16, 'Engenharia Ambiental', 6),
(10, 'Ciência da Computação', 3),
(11, 'Sistemas de Informação', 3),
(20, 'Geografia', 3),
(21, 'Ensino Médio', 3),
(22, 'Engenharia Ambiental', 3),
(23, 'Ensino Médio', 81),
(24, 'Geografia', 81),
(25, 'Engenharia Ambiental', 81),
(26, 'Ciência da Computação', 83),
(27, 'Sistemas de Informação', 83),
(147, 'Teste - Gitana', 373),
(91, 'Técnologia Moveleira', 108),
(40, 'geografia', 89),
(32, 'Graduação - Engenharia Elétric', 85),
(38, 'Sistemas de Informação', 88),
(51, 'Segundo Grau', 90),
(43, 'Mestrado - Engenharia Elétrica', 85),
(44, 'Geografia', 84),
(46, 'Licenciatura em Geografia', 96),
(47, 'Geografia', 99),
(48, 'Biologia marinha', 99),
(69, 'Biologia', 93),
(50, 'Ensino Médio', 99),
(52, 'Licenciatura em Geografia', 90),
(57, 'Ensino Médio', 95),
(54, 'Geografia', 95),
(55, 'Geografia do Brasil', 97),
(59, 'Ensino Médio', 82),
(58, 'Ensino Médio', 97),
(60, 'Biologia Marinha', 97),
(61, 'Biologia Marinha', 95),
(148, 'Teste Laisi', 370),
(63, 'Geografia', 94),
(145, 'Web Designer', 372),
(66, 'Ensino Médio', 94),
(67, 'Ciência da Computação', 84),
(68, 'Geografia', 93),
(70, 'Geografia', 100),
(71, 'Biologia Marinha', 82),
(72, 'Geografia', 82),
(83, 'Engenharia Mecânica', 89),
(74, 'Ensino Médio', 84),
(75, 'Biologia Marinha - SFS', 93),
(76, 'Ensino Médio', 100),
(77, 'História', 89),
(78, 'Ciência da Computação', 96),
(79, 'Biologia Marinha', 94),
(80, 'Biologia Marinha', 100),
(81, 'Biologia Marinha', 96),
(82, 'Engenharia Elétrica', 90),
(84, 'Geografia', 108),
(85, 'Biologia Marinha', 106),
(86, 'Ensino Médio', 106),
(87, 'Sistemas de Informação', 107),
(88, 'Biologia Marinha', 108),
(89, 'Geografia', 106),
(90, 'Tecnologia Moveleira', 107),
(92, 'Ciência da Computação', 105),
(93, 'Sistemas de Informação', 105),
(94, 'geografia', 84),
(95, 'Graduação - Engenharia', 3),
(96, 'Ciência da Computação', 81),
(97, 'Ciência da Computação', 153),
(144, 'Teste Carla', 165),
(99, 'Ciência da Computação', 155),
(100, 'Ciência da Computaçao', 157),
(101, 'Ciência da Computação', 154),
(102, 'Ciência da Computação', 156),
(103, 'Ciência da Computação', 152),
(104, 'Ciência da Computação', 160),
(105, 'Ciência da Computação', 164),
(106, 'Ciência da Computação', 163),
(107, 'Teste Ensino Médio', 165),
(140, 'Sistemas de Informação', 5),
(141, 'teste-curso01', 3),
(138, 'Bacharel em Ciência da Computa', 172),
(112, 'Sistemas de Informação (teste-', 165),
(113, 'Ciencia da Computação', 208),
(114, 'Ciência da Computação', 203),
(115, 'Ciência da Computação', 201),
(116, 'Ciência da Computação', 202),
(117, 'Ciência da Computação', 205),
(118, 'Ciência da Computação', 206),
(119, 'Ciência da Computação', 207),
(120, 'Ciência da Computação ', 204),
(121, 'Sistemas de Informação', 208),
(122, 'Sistemas de Informação', 204),
(123, 'Engenharia da Computação', 208),
(124, 'Sistemas de Informação', 202),
(125, 'Sistemas de Informação', 206),
(126, 'Sistemas de Informação', 205),
(127, 'Sistemas de Informação', 203),
(128, 'Sistemas de Informação', 207),
(129, 'Sistemas de Informação', 201),
(130, 'Ciência da Computação', 211),
(131, 'Engenharia Elétrica', 211),
(132, 'Ciência da Computação', 215),
(133, 'Ciência da Computação', 213),
(134, 'Ciência da Computação', 216),
(135, 'Ciência (Estágio)', 165),
(136, 'Computação (Estágio)', 165),
(142, 'teste-curso22', 3),
(143, 'Computação', 5),
(150, 'Geografia', 293),
(163, 'Geografia', 286),
(153, 'Biologia Marinha', 286),
(155, 'Biologia Marinha', 295),
(156, 'Biologia Marinha', 291),
(158, 'Ensino Médio', 286),
(159, 'Biologia Marinha', 293),
(253, 'Ciência da Computação', 296),
(161, 'Ensino Médio', 291),
(162, 'Biologia Marinha', 292),
(164, 'Ensino Médio', 295),
(165, 'Geografia', 291),
(229, 'Ciência da Computação', 151),
(167, 'Geografia', 292),
(254, 'Ciência da Computação', 165),
(169, 'Ensino Médio', 293),
(170, 'Geografia', 295),
(171, 'Ensino Médio', 292),
(230, 'EAD - Educação a distância', 292),
(173, 'Ciência da Computação', 370),
(174, 'Engenharia Mecânica', 370),
(175, 'Ciência da Computação', 387),
(176, 'Ciência da Computação', 389),
(177, 'Ciência da Computação', 385),
(178, 'Ciência da Computação', 391),
(179, 'Ciência da Computação', 384),
(180, 'Ciência da Computação', 386),
(181, 'Sistemas de Informação', 389),
(182, 'Sistemas de Informação', 385),
(183, 'Sistemas de Informação', 391),
(184, 'Sistemas  de Informação', 386),
(185, 'Sistemas de Informação', 387),
(186, 'Sistemas de Informação', 384),
(257, 'Sistemas de Informação', 388),
(189, 'Ciência da Computação', 390),
(190, 'Sistemas de Informação', 390),
(191, 'Ciência da Computação', 290),
(192, 'Sistemas de Informação', 290),
(262, 'Cultura no Meio Urbano', 419),
(194, 'Biologia Marinha', 416),
(195, 'Biologia Marinha', 413),
(196, 'Biologia Marinha', 418),
(197, 'Biologia Marinha', 414),
(198, 'Biologia Marinha', 412),
(222, 'Biologia Marinha', 417),
(200, 'Biologia Marinha', 420),
(201, 'Biologia Marinha', 421),
(202, 'Ensino médio', 416),
(203, 'Ensino Médio', 414),
(204, 'Ensino Médio', 415),
(261, 'Cultura no Meio Rural', 419),
(206, 'Ensino Médio', 413),
(207, 'Ensino Médio', 412),
(208, 'Ensino Médio', 421),
(209, 'ensino Médio', 420),
(210, 'Ensino Médio', 418),
(211, 'Ensino Médio', 417),
(212, 'Bilogia Marinha', 415),
(213, 'Geografia', 419),
(214, 'Geografia', 416),
(215, 'Geografia', 414),
(216, 'Geografia', 412),
(217, 'Geografia', 417),
(218, 'Geografia', 415),
(219, 'Geografia', 413),
(220, 'Geográfia', 421),
(221, 'Geografia', 418),
(223, 'Geografia', 420),
(224, 'Ciência da Computação', 425),
(225, 'Sistemas de Informação', 425),
(226, 'Ciência da Computação', 427),
(227, 'Sistemas de Informação', 427),
(256, 'Ciência da Computação', 388),
(231, 'Ciência da Computação', 292),
(232, 'Ciência da Computação', 411),
(234, 'Ciência da Computação', 286),
(235, 'Geografia Ana', 414),
(236, '2ª série', 413),
(237, 'Ensino Fundamental', 414),
(238, 'Ensino Fundamental', 415),
(239, 'Ensino Fundamental', 412),
(241, 'Ensino Fundamental', 430),
(242, 'Ensino Fundamental', 429),
(243, 'Ciência da Computação', 293),
(244, 'Ciência da Computação', 410),
(247, 'Ciência da Computação', 297),
(246, 'Ciência da Computação', 362),
(248, 'Geografia', 423),
(249, 'geografia sheila', 423),
(250, 'Ciência da Computação', 171),
(251, 'Sistemas de Informação', 171),
(252, 'Ciência da Computação', 295),
(255, 'Sistema de Informação', 165),
(258, 'Ciência da Computação', 291),
(260, 'Ciência da Computação', 287),
(263, 'Conceito de Cultura', 419),
(265, '2ª Série - Ensino Fundamental', 419),
(267, 'Ciência da Computação', 269),
(268, 'Pedagogia', 236),
(269, 'Pós em Pedagogia', 236),
(298, 'Ciência da Computação', 569),
(282, 'SMU', 556),
(359, 'Ciência da Computacão', 654),
(275, 'Sistemas Multimidia', 563),
(276, 'Microcontroladores - PIC', 562),
(277, 'SMU', 560),
(291, 'Aprendizagem de Maquina', 546),
(294, 'SMU 2008/2', 571),
(280, 'testando', 549),
(281, 'Ciência da Computação', 552),
(283, 'SMU-2008-2', 564),
(284, 'SMU-2008-2', 565),
(288, 'Inglês Para Viajantes', 567),
(289, 'TAS(Técnicas de Avaliação Soft', 566),
(292, 'SMU', 554),
(299, 'SMU', 165),
(300, 'SMU - 2008/02', 165),
(301, 'Técnicas de Engenbraçao', 553),
(302, 'Ciência da Computação', 580),
(303, 'MP3', 555),
(360, 'Sistemas de Informação', 654),
(332, 'Geografia', 589),
(307, 'Ensino Médio', 592),
(308, 'Biologia Marinha', 592),
(311, 'Biologia Marinha', 588),
(312, 'Geografia', 592),
(314, 'Biologia Marinha', 589),
(338, 'Tecnologia em Análise e Desenv', 592),
(331, 'BCC', 589),
(317, 'Ensino Médio', 588),
(318, 'Biologia Marinha', 586),
(350, 'Tecnologia em Sistemas de Info', 591),
(320, 'Ensino Medio', 586),
(321, 'Geografia', 588),
(322, 'Biologia Marinha', 582),
(323, 'Geografia', 586),
(324, 'Biologia Marinha', 581),
(325, 'Ensino Médio', 591),
(326, 'Ensino Médio', 582),
(327, 'Ensino Médio', 581),
(328, 'Geografia', 582),
(329, 'Geografia', 591),
(330, 'Geografia', 581),
(333, 'Ensino Médio', 589),
(334, 'Geografia', 486),
(335, 'Biologia Marinha', 486),
(336, 'Ensino Médio', 486),
(341, 'Sistemas de Informação', 586),
(340, 'Informática na educação', 599),
(349, 'Sistemas de Informação', 583),
(343, 'Sistemas de Informação', 595),
(344, 'Sistemas de Informação', 589),
(345, 'Sistemas de Informação', 588),
(346, 'Sistemas de Informação', 497),
(347, 'Sistemas de Informação', 603),
(348, 'Sistemas de Informação', 599),
(351, 'Linguagem C', 572),
(354, 'Sistemas de Informação', 488),
(355, 'Sistemas de Informação', 486),
(357, 'Sistemas de Informação', 609),
(358, 'Sistemas de Informação', 607),
(361, 'Geografia', 654),
(362, 'Geografia2', 654),
(363, 'Engenharia da Computação', 3),
(364, 'BioMedicina', 3),
(365, 'Computação', 3),
(366, 'Computação', 660),
(367, 'Sistemas de Informação', 660),
(369, 'teste - carla', 679),
(370, 'ECOA', 5),
(371, 'Teste', 5),
(372, '0001', 680),
(374, 'Bacharel em Ciência da Computa', 172),
(375, 'teste-kelly', 549),
(376, 'Sistemas de Informação', 236),
(377, 'Linguagem TCL/TK', 711),
(378, 'Curso Teste', 624),
(379, 'CursoTeste', 627),
(380, 'TSI', 5),
(381, 'TESTE', 583),
(382, 'teste-para-conceitos', 549),
(383, 'Sistemas de Informação', 662),
(446, 'Ciência da Computação', 6);

-- --------------------------------------------------------

--
-- Table structure for table `cursodisciplina`
--

CREATE TABLE IF NOT EXISTS `cursodisciplina` (
  `CodigoCurso` int(11) NOT NULL,
  `CodigoDisciplina` int(11) NOT NULL,
  `CodigoUsuario` int(5) default NULL,
  PRIMARY KEY  (`CodigoCurso`,`CodigoDisciplina`)
) ENGINE=MyISAM DEFAULT CHARSET=latin1;

--
-- Dumping data for table `cursodisciplina`
--

INSERT INTO `cursodisciplina` (`CodigoCurso`, `CodigoDisciplina`, `CodigoUsuario`) VALUES
(10, 8, 3),
(254, 326, 165),
(10, 11, 3),
(11, 8, 3),
(292, 281, 554),
(11, 11, 3),
(13, 8, 3),
(302, 284, 580),
(13, 11, 3),
(15, 10, 6),
(16, 10, 6),
(17, 8, 3),
(269, 223, 236),
(17, 11, 3),
(17, 12, 3),
(18, 8, 3),
(268, 223, 236),
(18, 11, 3),
(18, 12, 3),
(19, 10, 6),
(20, 8, 3),
(11, 9, 3),
(20, 11, 3),
(20, 12, 3),
(21, 8, 3),
(13, 9, 3),
(21, 11, 3),
(21, 12, 3),
(22, 8, 3),
(95, 9, 3),
(22, 11, 3),
(22, 12, 3),
(23, 13, 81),
(23, 14, 81),
(24, 13, 81),
(25, 13, 81),
(26, 15, 83),
(136, 115, 165),
(275, 233, 563),
(32, 19, 85),
(38, 20, 88),
(38, 21, 88),
(38, 22, 88),
(38, 23, 88),
(40, 24, 89),
(44, 29, 84),
(46, 27, 96),
(47, 30, 99),
(50, 30, 99),
(51, 31, 90),
(52, 31, 90),
(54, 35, 95),
(55, 33, 97),
(57, 35, 95),
(57, 44, 95),
(58, 33, 97),
(59, 40, 82),
(61, 38, 95),
(145, 118, 372),
(63, 28, 94),
(145, 117, 372),
(145, 116, 372),
(66, 28, 94),
(67, 29, 84),
(68, 36, 93),
(68, 37, 93),
(69, 36, 93),
(70, 43, 100),
(71, 40, 82),
(72, 40, 82),
(74, 29, 84),
(75, 36, 93),
(76, 43, 100),
(77, 24, 89),
(78, 39, 96),
(80, 43, 100),
(81, 27, 96),
(82, 42, 90),
(83, 45, 89),
(84, 48, 108),
(86, 46, 106),
(87, 47, 107),
(87, 50, 107),
(88, 48, 108),
(89, 46, 106),
(92, 51, 105),
(93, 51, 105),
(19, 53, 0),
(369, 340, 679),
(10, 9, 3),
(105, 72, 0),
(99, 57, 155),
(97, 56, 153),
(103, 62, 152),
(101, 59, 154),
(102, 61, 156),
(107, 79, 165),
(100, 60, 157),
(96, 63, 81),
(104, 65, 160),
(106, 64, 163),
(370, 342, 0),
(10, 67, 3),
(17, 67, 3),
(102, 68, 156),
(105, 73, 0),
(105, 71, 0),
(144, 115, 165),
(112, 80, 165),
(10, 77, 3),
(135, 80, 165),
(121, 81, 208),
(136, 99, 165),
(123, 81, 208),
(126, 97, 205),
(117, 97, 205),
(113, 81, 208),
(117, 98, 0),
(116, 84, 202),
(124, 84, 202),
(120, 85, 204),
(122, 85, 204),
(114, 87, 203),
(127, 87, 203),
(129, 88, 201),
(115, 88, 201),
(119, 86, 207),
(130, 89, 211),
(131, 89, 211),
(132, 92, 215),
(133, 93, 213),
(134, 94, 216),
(136, 78, 165),
(107, 78, 165),
(118, 95, 206),
(125, 95, 206),
(138, 101, 172),
(142, 102, 3),
(22, 67, 3),
(21, 67, 3),
(20, 67, 3),
(95, 67, 3),
(13, 67, 3),
(18, 67, 3),
(11, 67, 3),
(141, 67, 3),
(142, 67, 3),
(145, 119, 372),
(230, 163, 292),
(229, 161, 151),
(163, 133, 286),
(158, 133, 286),
(170, 129, 295),
(164, 129, 295),
(138, 112, 172),
(140, 103, 5),
(145, 120, 0),
(148, 126, 370),
(147, 125, 373),
(167, 128, 292),
(171, 128, 292),
(161, 134, 291),
(165, 134, 291),
(184, 188, 386),
(180, 188, 386),
(169, 131, 293),
(150, 131, 293),
(247, 182, 297),
(173, 136, 370),
(174, 136, 370),
(230, 165, 292),
(257, 198, 388),
(189, 141, 390),
(190, 141, 390),
(176, 143, 389),
(181, 143, 389),
(182, 192, 385),
(177, 192, 385),
(179, 142, 384),
(186, 142, 384),
(180, 144, 386),
(184, 144, 386),
(178, 145, 391),
(185, 140, 387),
(175, 140, 387),
(183, 145, 391),
(191, 146, 290),
(192, 146, 290),
(201, 153, 421),
(208, 153, 421),
(220, 153, 421),
(214, 155, 416),
(202, 155, 416),
(194, 155, 416),
(267, 213, 269),
(260, 204, 287),
(260, 203, 287),
(200, 156, 420),
(209, 156, 420),
(223, 156, 420),
(265, 211, 419),
(265, 206, 419),
(265, 205, 419),
(195, 149, 413),
(206, 149, 413),
(219, 149, 413),
(196, 150, 418),
(210, 150, 418),
(221, 150, 418),
(239, 201, 412),
(218, 148, 415),
(238, 148, 415),
(198, 152, 412),
(207, 152, 412),
(216, 152, 412),
(222, 154, 417),
(211, 154, 417),
(217, 154, 417),
(189, 157, 390),
(190, 157, 390),
(224, 158, 425),
(225, 158, 425),
(226, 159, 427),
(227, 159, 427),
(256, 198, 388),
(115, 167, 201),
(231, 165, 292),
(234, 168, 286),
(237, 151, 414),
(235, 169, 414),
(238, 171, 415),
(237, 172, 414),
(239, 173, 412),
(265, 147, 419),
(241, 175, 430),
(242, 176, 429),
(234, 177, 286),
(234, 178, 286),
(243, 179, 293),
(244, 180, 410),
(246, 215, 362),
(249, 183, 423),
(104, 184, 160),
(251, 185, 171),
(250, 185, 171),
(252, 187, 295),
(253, 189, 296),
(254, 191, 165),
(255, 191, 165),
(224, 193, 425),
(225, 193, 425),
(224, 195, 425),
(225, 195, 425),
(175, 197, 387),
(185, 197, 387),
(258, 199, 291),
(191, 200, 290),
(104, 212, 160),
(213, 208, 419),
(265, 207, 419),
(239, 217, 412),
(372, 344, 680),
(284, 277, 565),
(254, 219, 0),
(143, 103, 5),
(143, 114, 5),
(10, 220, 0),
(277, 276, 560),
(276, 236, 562),
(277, 239, 560),
(302, 286, 580),
(291, 265, 546),
(299, 282, 165),
(281, 244, 552),
(282, 245, 556),
(136, 327, 165),
(283, 268, 564),
(379, 359, 627),
(145, 271, 372),
(294, 273, 571),
(289, 267, 566),
(288, 264, 567),
(302, 285, 0),
(298, 279, 569),
(300, 282, 165),
(277, 261, 560),
(281, 274, 552),
(361, 332, 654),
(359, 332, 654),
(136, 329, 165),
(251, 328, 171),
(347, 325, 0),
(303, 288, 555),
(21, 292, 3),
(10, 292, 3),
(308, 294, 592),
(307, 294, 592),
(312, 294, 592),
(328, 299, 582),
(321, 297, 588),
(317, 297, 588),
(335, 302, 486),
(323, 296, 586),
(320, 296, 586),
(329, 298, 591),
(332, 301, 589),
(333, 301, 589),
(325, 298, 591),
(255, 303, 165),
(254, 303, 165),
(327, 300, 581),
(330, 300, 581),
(326, 299, 582),
(336, 302, 486),
(334, 302, 486),
(11, 292, 3),
(338, 304, 592),
(340, 305, 599),
(341, 307, 586),
(349, 313, 583),
(344, 309, 589),
(345, 310, 588),
(346, 311, 497),
(347, 312, 603),
(343, 306, 595),
(348, 305, 599),
(350, 316, 591),
(351, 315, 572),
(354, 319, 488),
(346, 320, 497),
(355, 321, 486),
(276, 317, 562),
(343, 323, 595),
(357, 324, 609),
(358, 322, 607),
(365, 336, 3),
(366, 337, 660),
(367, 337, 660),
(140, 222, 5),
(446, 345, 6),
(280, 358, 549),
(377, 350, 711),
(369, 351, 0),
(378, 352, 624),
(378, 353, 0),
(378, 354, 0),
(378, 355, 0),
(378, 356, 0),
(378, 357, 0),
(377, 361, 0),
(381, 313, 583),
(379, 363, 627),
(10, 364, 806),
(383, 366, 662);

-- --------------------------------------------------------

--
-- Table structure for table `disciplinas`
--

CREATE TABLE IF NOT EXISTS `disciplinas` (
  `CodigoDisciplina` int(11) NOT NULL,
  `CodigoUsuario` int(11) NOT NULL,
  `NomeDisciplina` varchar(60) collate latin1_bin NOT NULL,
  `StatusDisciplina` tinyint(1) NOT NULL,
  `StatusXMLDisciplina` tinyint(1) NOT NULL,
  PRIMARY KEY  (`CodigoDisciplina`)
) ENGINE=MyISAM DEFAULT CHARSET=latin1 COLLATE=latin1_bin;

--
-- Dumping data for table `disciplinas`
--

INSERT INTO `disciplinas` (`CodigoDisciplina`, `CodigoUsuario`, `NomeDisciplina`, `StatusDisciplina`, `StatusXMLDisciplina`) VALUES
(336, 3, 'NOVOTESTEISA', 1, 1),
(342, 5, 'IED - Informática na Educação', 1, 1),
(292, 3, 'IHC-teste', 1, 1),
(222, 5, 'TES-19-Informática na Educação', 1, 1),
(220, 3, 'EAD', 0, 0),
(114, 5, 'TOCI-15-Educação a Distância', 1, 1),
(67, 3, 'Teste-mesa-Isabela', 0, 0),
(103, 5, 'FSI - Fundamentos em Sistemas de Informação', 1, 1),
(12, 3, 'Geografia (minicurso)', 1, 1),
(11, 3, 'Bio-Química para Iniciantes', 1, 1),
(8, 3, 'Avaliação de Usabilidade', 1, 1),
(9, 3, 'Interface Humano Computador', 1, 1),
(345, 6, 'Introdução à Ciência da Computação - ICC', 1, 1);

-- --------------------------------------------------------

--
-- Table structure for table `dispositivos`
--

CREATE TABLE IF NOT EXISTS `dispositivos` (
  `CodigoDispositivo` int(11) NOT NULL,
  `CodigoUsuario` int(11) NOT NULL,
  `DataDispositivo` datetime NOT NULL,
  `TipoDispositivo` varchar(45) collate latin1_bin NOT NULL,
  `LarguraDispositivo` int(8) NOT NULL,
  `AlturaDispositivo` int(8) NOT NULL,
  `LatenciaDispositivo` int(6) NOT NULL,
  `ConexaoDispositivo` varchar(20) collate latin1_bin NOT NULL,
  PRIMARY KEY  (`CodigoDispositivo`),
  KEY `CodigoUsuario` (`CodigoUsuario`)
) ENGINE=MyISAM DEFAULT CHARSET=latin1 COLLATE=latin1_bin;

--
-- Dumping data for table `dispositivos`
--

INSERT INTO `dispositivos` (`CodigoDispositivo`, `CodigoUsuario`, `DataDispositivo`, `TipoDispositivo`, `LarguraDispositivo`, `AlturaDispositivo`, `LatenciaDispositivo`, `ConexaoDispositivo`) VALUES
(142, 4, '2014-12-18 15:44:02', 'Desktop', 900, 1600, 2248, 'suficiente'),
(137, 6, '2014-10-17 13:58:40', 'Desktop', 768, 1366, 1121, 'rapida'),
(2, 8, '2014-04-17 09:19:21', 'Movel', 640, 360, 5028, 'lenta');

-- --------------------------------------------------------

--
-- Table structure for table `keyword`
--

CREATE TABLE IF NOT EXISTS `keyword` (
  `CodigoKeyword` int(11) NOT NULL auto_increment,
  `NomeKeyword` varchar(255) NOT NULL,
  PRIMARY KEY  (`CodigoKeyword`)
) ENGINE=MyISAM  DEFAULT CHARSET=latin1 AUTO_INCREMENT=236 ;

--
-- Dumping data for table `keyword`
--

INSERT INTO `keyword` (`CodigoKeyword`, `NomeKeyword`) VALUES
(1, '7 - Conjunto de instruções'),
(2, 'Aividade de fixação'),
(3, 'Ambientes E-learning, componentes e modalidades'),
(4, 'Analista de Sistemas'),
(5, 'Analista de Suporte'),
(6, 'Analíticas, Preditivas , Diagnóstica , Inspeção'),
(7, 'Apresentação - equipe 1 - avaliação de e-learning '),
(8, 'Apresentação - equipe 2 - ensino-aprendizagem'),
(9, 'Apresentação - equipe 3 - dispositivo de formação'),
(10, 'Apresentação - equipe 4 -controle e gestão de processo'),
(11, 'Apresentação - equipe 5 - validade político-pedagógica'),
(12, 'Apresentação - equipe 6 - modelos de qualidade de sw'),
(13, 'Apresentação - equipe 7 - ma-ae'),
(14, 'Apresentação - equipe 8 - sia-ae'),
(15, 'Apresentação Equipe 1 - PEA e evolução histórica'),
(16, 'Apresentação Equipe 2 - Pedagogia e Andragogia'),
(17, 'Apresentação Equipe 3- Fundamentos da EaD'),
(18, 'Apresentação Equipe 4- E-learning'),
(19, 'Apresentação Equipe 5 - Ambientes E-learning (Componentes)'),
(20, 'Apresentação Equipe 6 - Ambientes E-learning (Classificação) '),
(21, 'Apresentação Equipe 7 - Avaliação de Ambientes E-learning (Geral) '),
(22, 'Apresentação Equipe 8 - Modelos de Aprendizagem'),
(23, 'Aritmética Binária com Sinal'),
(24, 'Aritmética Binária sem Sinal'),
(25, 'Aritmética Ponto Flutuante'),
(26, 'Arquitetura Computador'),
(27, 'Artigos - Área - Acessibilidade'),
(28, 'Artigos - Área - Acessibilidade - 2 artigos (zip)'),
(29, 'Artigos - Área - Ambientes 3D'),
(30, 'Artigos - Área - Ambientes 3D - 2 artigos (zip)'),
(31, 'Artigos - Área - Colaboração'),
(32, 'Artigos - Área - Colaboração - 5 artigos (.zip) '),
(33, 'Artigos - Área - Educação e Avaliação'),
(34, 'Artigos - Área - Educação e Avaliação - 9 artigos (.zip) '),
(35, 'Artigos - Área - Objetos de Aprendizagem'),
(36, 'Artigos - Área - Objetos de Aprendizagem - 7 artigos (.zip)'),
(37, 'Artigos - Área - TV Digital'),
(38, 'Artigos - Área - TV Digital - 1 artigo (.zip)'),
(39, 'Atividade de Fixação - Avaliação de Ambientes E-learning'),
(40, 'Atividade de Fixação - Episódio 4 a 7'),
(41, 'Autoria no Ambiente Adaptweb'),
(42, 'Avaliação Heurística, Nielsen'),
(43, 'Avaliação Pedagógica, Uso Educacional '),
(44, 'Avaliação Técnica'),
(45, 'Avaliação de AE - Conceito'),
(46, 'Avaliação de Expressões Booleanas'),
(47, 'Brasil'),
(48, 'Cenário Episódio 2 '),
(49, 'Cenário Episódio 7'),
(50, 'Cenário do Episódio 6 - A avaliação '),
(51, 'Circuitos Lógicos'),
(52, 'Classificação de computadores e medidas de desempenho'),
(53, 'Classificação, vantagens e desvantagens'),
(54, 'Codificação Binária'),
(55, 'Composição da Equipe '),
(56, 'Computador'),
(57, 'Conceito teste'),
(58, 'Conceito, Ambiente E-learning'),
(59, 'Conceitos Básicos'),
(60, 'Consultor Externo'),
(61, 'Conteúdo exemplo - montar aula'),
(62, 'Coordenador Interno'),
(63, 'Cultura; cidadania'),
(64, 'Código ASCII e outros padrões'),
(65, 'Código binário de 5 bits'),
(66, 'Código de Hamming'),
(67, 'Códigos Gray'),
(68, 'DOC'),
(69, 'DOCCC'),
(70, 'Detecção de erros e paridade'),
(71, 'Dicas de bases de dados para pesquisa em Artigo tecnico-científico '),
(72, 'Diretor de Finanças e Contabilidade'),
(73, 'Diretor de Marketing e Vendas'),
(74, 'Diretor de Produção e Fabricação'),
(75, 'Diretor de RH'),
(76, 'Diretor de Sistemas de Informação '),
(77, 'Diretor de contabilidade e finanças'),
(78, 'Diretor de produção e fabricação'),
(79, 'Diretor de recursos humanos'),
(80, 'Diretor de sistemas de informação'),
(81, 'Diretor de vendas e marketing'),
(82, 'Discriminação'),
(83, 'Dissertação Medeiros - Norma ISO 9241 '),
(84, 'E-learning, conceito'),
(85, 'Ead'),
(86, 'Ecomonia'),
(87, 'Ensaios, Interação'),
(88, 'Entrevistas'),
(89, 'Episódio 1 - Explorando o Terreno - Cenário Inicial'),
(90, 'Episódio 3 - O diagnóstico'),
(91, 'Episódio 3 - O diagnóstico - Cenário '),
(92, 'Episódio 4 - O planejamento - Cenário Inicial'),
(93, 'Episódio 5 - A Ação'),
(94, 'Episódio 5 - A Ação - Cenário Inicial'),
(95, 'Episódio 6 - Avaliação'),
(96, 'Episódio 7 - O término - Cenário Inicial'),
(97, 'ErgoNorm'),
(98, 'Ergolist'),
(99, 'Evolução histórica, ead'),
(100, 'Excesso-de-3'),
(101, 'Exemplo 2'),
(102, 'Exemplo 3'),
(103, 'Exemplo1'),
(104, 'Exercicio 1'),
(105, 'Exercicio 2'),
(106, 'Exercicio 3'),
(107, 'Exercício de Fixação - PEA a distância '),
(108, 'Expansão'),
(109, 'Ficha de  avaliação - Critérios - Apresentação do projeto'),
(110, 'Formato de instrução 0 endereço'),
(111, 'Formato de instrução 1 endereço'),
(112, 'Formato de instrução 2 endereços'),
(113, 'Formato de instrução 3 endereços'),
(114, 'Formato de instrução 4 endereços'),
(115, 'Formulário de Atividades'),
(116, 'Formulário de Atividades (simulação, análise, conceituação, conexão) '),
(117, 'Formulário de Atividades + Modelo de Relatório - definição do projeto'),
(118, 'Formulário de Atividades - Episódio 1'),
(119, 'Formulário de Atividades - Episódio 2'),
(120, 'Formulário de Atividades - Episódio 7'),
(121, 'Formulário de atividades'),
(122, 'Hierarquia de memória'),
(123, 'Instrução'),
(124, 'Instrução para Construção de Artigo Técnico-Científico'),
(125, 'Introdução'),
(126, 'IsoMetrics'),
(127, 'JPG'),
(128, 'Listas de Verificação (Checklist)'),
(129, 'Log, Análise'),
(130, 'MAEp'),
(131, 'Memória'),
(132, 'Memória Cache'),
(133, 'Metodologia para o Desenvolvimento de Sistemas'),
(134, 'Metodologia para o Desenvolvimento de Sistemas de Informação'),
(135, 'Modelo de Formulário - Entrega dos Resultados'),
(136, 'Modelo de Relatório da Análise do Contas a Receber'),
(137, 'Modelo de Relatório de Acompanhamento e Avaliação'),
(138, 'Modelo de Relatório de Pós-Implementação'),
(139, 'Modelo de relatório para definição do projeto - SI na Screw '),
(140, 'Modelo do relatório de pesquisa em EAD'),
(141, 'Modelos de Aprendizagem'),
(142, 'Movimentos'),
(143, 'Método de Avaliação para Ambientes E-learning'),
(144, 'Neander'),
(145, 'Neander Conjunto de instruções'),
(146, 'Neander Leitura e Instruções'),
(147, 'Normalização'),
(148, 'Noções de Algoritmos'),
(149, 'Numeração'),
(150, 'O PROCESSO DE ENSINO-APRENDIZAGEM A DISTÂNCIA '),
(151, 'O que é Bio-Química?'),
(152, 'Objetivos da Avaliação'),
(153, 'Operações básicas: AND'),
(154, 'Operações básicas: AND com 3 variáveis de entrada'),
(155, 'Operações básicas: NOT'),
(156, 'Operações básicas: OR'),
(157, 'Operações básicas: OR com 3 variáveis de entrada'),
(158, 'Organização Final'),
(159, 'Organização Registrador de Instrução'),
(160, 'Organização Sinais de controle'),
(161, 'Organização da UAL'),
(162, 'Organização do Sistema de memória'),
(163, 'Outras Portas Lógicas'),
(164, 'PDF'),
(165, 'PEA a distância '),
(166, 'PPT'),
(167, 'Padrão IEEE 754'),
(168, 'Palavras-chave do Conceito 2'),
(169, 'Palavras-chave do Sub-conceito 1.1'),
(170, 'Palavras-chave do conceito 1'),
(171, 'Papéis do Personagens'),
(172, 'Papéis dos Personagens'),
(173, 'Ponto Fixo'),
(174, 'Ponto Flutuante'),
(175, 'Ponto Flutuante e Fixo'),
(176, 'Porque avaliar?'),
(177, 'Problemas, oportunidades, missão do projeto'),
(178, 'Problemas, usability'),
(179, 'Processadores RISC e CISC'),
(180, 'Processamento de Dados'),
(181, 'Programando em Assembly para Neander'),
(182, 'Prospectivas'),
(183, 'Questionário de Satisfação '),
(184, 'Questionários de Satisfação'),
(185, 'Referência'),
(186, 'Referências'),
(187, 'Representação da informação'),
(188, 'Representação de números reais'),
(189, 'Resumo'),
(190, 'Sistem Hexadecimal'),
(191, 'Sistema BCD'),
(192, 'Sistema Binário'),
(193, 'Sistema Decimal'),
(194, 'Sistema Numérico'),
(195, 'Sistema Octal'),
(196, 'Sistema Posicional'),
(197, 'Slides do Curso Autoria Adaptweb'),
(198, 'Suporte a alta gerência'),
(199, 'Tabela de bases'),
(200, 'Tese'),
(201, 'Tipos de Instruções e Endereçamento'),
(202, 'Tipos de memória'),
(203, 'Tutorial do Adaptweb'),
(204, 'Técnicas Empíricas (ou Objetivas)'),
(205, 'Técnicas de Avaliação'),
(206, 'Usabilidade, avaliação'),
(207, 'Usuário Chave'),
(208, 'Vantagens, desvantagens, ead'),
(209, 'Visão Geral do Sistema Interativo de Avaliação para Ambientes E-learning - SIA-AE'),
(210, 'Von Neumann'),
(211, 'Vários Questionários e URLs'),
(212, 'ag'),
(213, 'as'),
(214, 'asasasas'),
(215, 'avaliação técnica'),
(216, 'bmp'),
(217, 'daDA'),
(218, 'ensino-aprendizagem, ead, concietos'),
(219, 'etnica'),
(220, 'facil'),
(221, 'gasdg'),
(222, 'gsdg'),
(223, 'has'),
(224, 'hsd'),
(225, 'hsh'),
(226, 'jpg'),
(227, 'pedagogia, andragogia, ead'),
(228, 'plano do projeto, equipe'),
(229, 'sdg'),
(230, 'sh'),
(231, 'shd'),
(232, 'teste'),
(233, 'tetet'),
(234, 'wetewt'),
(235, 'Álgebra Booleana');

-- --------------------------------------------------------

--
-- Table structure for table `learningobjects`
--

CREATE TABLE IF NOT EXISTS `learningobjects` (
  `CodigoLearningObject` int(11) NOT NULL auto_increment,
  `CodigoTopico` int(11) NOT NULL,
  `CodigoDisciplina` int(11) NOT NULL,
  `NomeLearningObject` varchar(255) collate latin1_bin NOT NULL,
  `DescricaoLearningObject` varchar(255) collate latin1_bin NOT NULL,
  `KeywordLearningObject` varchar(255) collate latin1_bin NOT NULL,
  `ArquivoLearningObject` varchar(255) collate latin1_bin NOT NULL,
  `TipoLearningObject` int(1) NOT NULL,
  `ComplexidadeLearningObject` int(1) default NULL,
  `NumeroTopico` varchar(30) collate latin1_bin NOT NULL,
  PRIMARY KEY  (`CodigoLearningObject`)
) ENGINE=MyISAM  DEFAULT CHARSET=latin1 COLLATE=latin1_bin AUTO_INCREMENT=141 ;

--
-- Dumping data for table `learningobjects`
--

INSERT INTO `learningobjects` (`CodigoLearningObject`, `CodigoTopico`, `CodigoDisciplina`, `NomeLearningObject`, `DescricaoLearningObject`, `KeywordLearningObject`, `ArquivoLearningObject`, `TipoLearningObject`, `ComplexidadeLearningObject`, `NumeroTopico`) VALUES
(1, 9, 8, 'Ergolist', 'Checklist desenvolvido pela UFSC', 'Ergolist', 'ergolist.html', 2, 3, '6.1.2'),
(2, 9, 8, 'Dissertação Medeiros - Norma ISO 9241 ', 'Dissertação Medeiros - Norma ISO 9241 ', 'Dissertação Medeiros - Norma ISO 9241 ', '1073.pdf', 0, 0, '6.1.2'),
(3, 15, 8, 'Vários Questionários e URLs', 'Vários Questionários e URLs', 'Vários Questionários e URLs', 'links_questionario.html', 2, 3, '6.3.2'),
(4, 15, 8, 'ErgoNorm', 'ErgoNorm', 'ErgoNorm', 'Fragebogen.pdf', 0, 0, '6.3.2'),
(5, 15, 8, 'IsoMetrics', 'IsoMetrics', 'IsoMetrics', 'Isose.pdf', 0, 0, '6.3.2'),
(6, 15, 8, 'Questionário de Satisfação elaborado (1a. versão) para avaliar Ambiente AdaptWeb (visão aluno)', 'Questionário de Satisfação ', 'Questionário de Satisfação ', 'QuestionarioSatisfacao.pdf', 0, 0, '6.3.2'),
(7, 17, 9, 'sdg', 'sdg', 'gsdg', '1_Exercicio4.html', 1, 2, '1'),
(8, 17, 9, 'rg', 'h', 'hsh', '1_3_Situacao_etnica.html', 1, 3, '1'),
(9, 17, 9, 'asfasg', 'asg', 'ag', '1_Exercicio3.html', 1, 1, '1'),
(10, 17, 9, 'sdg', 'dg', 'gasdg', '1_Exercicio2.html', 2, 3, '1'),
(11, 17, 9, 'facil', 'facil', 'facil', '1_Exercicio2.html', 2, 1, '1'),
(12, 17, 9, 'Medio', 'sad', 'sdg', '1_Exercicio4.html', 2, 0, '1'),
(13, 17, 9, 'DOC', 'DOC', 'DOC', 'Doc.doc', 0, 0, '1'),
(14, 17, 9, 'bmp', 'bmp', 'bmp', 'gol-10.bmp', 0, 0, '1'),
(15, 17, 9, 'jpg', 'jpg', 'jpg', '1653212b.jpg', 0, 0, '1'),
(16, 17, 9, 'asdaD', 'ADA', 'daDA', 'ppt.ppt', 0, 0, '1'),
(17, 17, 9, 'PPT222', 'PPT', 'PPT', 'ppt2.ppt', 0, 0, '1'),
(18, 17, 9, 'DOCCC', 'DOCCC', 'DOCCC', 'Doc.doc', 0, 0, '1'),
(19, 17, 9, 'PDF', 'PDF', 'PDF', 'leicomplementar306.pdf', 0, 0, '1'),
(20, 17, 9, 'tete', 'tetet', 'tetet', '1_1_Contrastes.html', 0, 0, '1'),
(21, 18, 9, 'we', 'shd', 'sh', '1_Exercicio4.html', 1, 1, '1.1'),
(22, 18, 9, 'sagh', 'sh', 'hsd', '1_Exercicio3.html', 1, 2, '1.1'),
(23, 18, 9, 'gh', 'shd', 'shd', '1_5_Resumo.html', 2, 0, '1.1'),
(24, 18, 9, 'dhas', 'has', 'has', '1_Exercicio2.html', 2, 1, '1.1'),
(25, 20, 9, 'Exercicio 1', 'Exercicio 1', 'Exercicio 1', '2_Exercicio1.html', 1, 1, '3'),
(26, 20, 9, 'Exercicio 2', 'Exercicio 2', 'Exercicio 2', '2_Exercicio2.html', 1, 2, '3'),
(27, 20, 9, 'Exercicio 3', 'Exercicio 3', 'Exercicio 3', '2_Exercicio3.html', 1, 3, '3'),
(28, 20, 9, 'Exemplo 1', 'Exemplo 1', 'Exemplo1', '1_Exercicio1.html', 2, 3, '3'),
(29, 20, 9, 'Exemplo 2', 'Exemplo 2', 'Exemplo 2', '1_Exercicio2.html', 2, 2, '3'),
(30, 20, 9, 'Exemplo 3', 'Exemplo 3', 'Exemplo 3', '1_Exercicio3.html', 2, 0, '3'),
(31, 21, 11, 'PDF', 'PDF', 'PDF', 'leicomplementar306.pdf', 0, 0, '1'),
(32, 21, 11, 'DOC', 'DCO', 'DOC', 'Doc.doc', 0, 0, '1'),
(33, 21, 11, 'JPG', 'JPG', 'JPG', '1653212b.jpg', 0, 0, '1'),
(34, 21, 11, 'PPT', 'PPYT', 'PPT', 'ppt2.ppt', 0, 0, '1'),
(35, 21, 11, 'wet', 'wetwet', 'wetewt', '3_2_Expansao.html', 0, 0, '1'),
(36, 22, 11, 'as', 'as', 'as', '1_5_Resumo.html', 1, 1, '2'),
(37, 22, 11, 'as', 'as', 'as', '1_1_Contrast.html', 2, 0, '2'),
(38, 22, 11, 'asaaa', 'asasas', 'asasasas', '23geo.pdf', 0, 0, '2'),
(39, 33, 103, 'Episódio 1 - Explorando o Terreno - Cenário Inicial', 'Episódio 1 - Explorando o Terreno - Cenário Inicial', 'Episódio 1 - Explorando o Terreno - Cenário Inicial', 'episodio1_cenario_inicia_branco.doc', 0, 0, '1'),
(40, 34, 103, 'Composição da Equipe ', 'Composição da Equipe ', 'Composição da Equipe ', 'episodio1_composicao_equipe.doc', 0, 0, '1.1'),
(41, 35, 103, 'Diretor de produção e fabricação', 'Diretor de produção e fabricação', 'Diretor de produção e fabricação', 'episodio1_producao_rosa.doc', 0, 0, '1.2'),
(42, 35, 103, 'Diretor de vendas e marketing', 'Diretor de vendas e marketing', 'Diretor de vendas e marketing', 'episodio1_marketing_amarelo.doc', 0, 0, '1.2'),
(43, 35, 103, 'Diretor de contabilidade e finanças', 'Diretor de contabilidade e finanças', 'Diretor de contabilidade e finanças', 'episodio1_financas_verde.doc', 0, 0, '1.2'),
(44, 35, 103, 'Diretor de recursos humanos', 'Diretor de recursos humanos', 'Diretor de recursos humanos', 'episodio1_recursos_humanos_azul.doc', 0, 0, '1.2'),
(45, 35, 103, 'Diretor de sistemas de informação', 'Diretor de sistemas de informação', 'Diretor de sistemas de informação', 'episodio1__sistemas_informacao__salmao.doc', 0, 0, '1.2'),
(46, 36, 103, 'Formulário de Atividades - Episódio 1', 'Formulário de Atividades - Episódio 1', 'Formulário de Atividades - Episódio 1', 'episodio1_formularios_branco.doc', 0, 0, '1.3'),
(47, 37, 103, 'Cenário Episódio 2 ', 'Cenário Episódio 2 ', 'Cenário Episódio 2 ', 'episodio2__cenario_branco.doc', 0, 0, '2'),
(48, 38, 103, 'Composição da Equipe', 'Composição da Equipe', 'Composição da Equipe', 'episodio_2_composicaoo_equipe_branco.doc', 0, 0, '2.1'),
(49, 39, 103, 'Diretor de Produção e Fabricação', 'Diretor de Produção e Fabricação', 'Diretor de Produção e Fabricação', 'episodio_2_producao_rosa.doc', 0, 0, '2.2'),
(50, 39, 103, 'Diretor de Marketing e Vendas', 'Diretor de Marketing e Vendas', 'Diretor de Marketing e Vendas', 'episodio_2__marketing_amarelo.doc', 0, 0, '2.2'),
(51, 39, 103, 'Diretor de Finanças e Contabilidade', 'Diretor de Finanças e Contabilidade', 'Diretor de Finanças e Contabilidade', 'episodio_2_financas_verde.doc', 0, 0, '2.2'),
(52, 39, 103, 'Diretor de RH', 'Diretor de RH', 'Diretor de RH', 'episodio_2_recursos_humanos_azul.doc', 0, 0, '2.2'),
(53, 39, 103, 'Diretor de Sistemas de Informação ', 'Diretor de Sistemas de Informação ', 'Diretor de Sistemas de Informação ', 'episodio2_sistemas_informacao__salmao.doc', 0, 0, '2.2'),
(54, 40, 103, 'Formulário de Atividades - Episódio 2', 'Formulário de Atividades - Episódio 2', 'Formulário de Atividades - Episódio 2', 'episodio_2_formularios_branco.doc', 0, 0, '2.3'),
(55, 41, 103, 'Episódio 3 - O diagnóstico - Cenário    ', 'Episódio 3 - O diagnóstico - Cenário ', 'Episódio 3 - O diagnóstico - Cenário ', 'episodio_3_cenario_branco.doc', 0, 0, '3'),
(56, 42, 103, 'Composição da Equipe ', 'Composição da Equipe ', 'Composição da Equipe ', 'episodio_3_composicao_equipe__branco.doc', 0, 0, '3.1'),
(57, 43, 103, 'Diretor de Produção e Fabricação', 'Diretor de Produção e Fabricação', 'Diretor de Produção e Fabricação', 'episodio_3_producao_rosa.doc', 0, 0, '3.2'),
(58, 43, 103, 'Diretor de Marketing e Vendas', 'Diretor de Marketing e Vendas', 'Diretor de Marketing e Vendas', 'episodio_3_marketing_amarelo.doc', 0, 0, '3.2'),
(59, 43, 103, 'Diretor de Finanças e Contabilidade', 'Diretor de Finanças e Contabilidade', 'Diretor de Finanças e Contabilidade', 'episodio_3_financas_verde.doc', 0, 0, '3.2'),
(60, 43, 103, 'Diretor de RH', 'Diretor de RH', 'Diretor de RH', 'episodio_3_recursos_humanos_azul.doc', 0, 0, '3.2'),
(61, 43, 103, 'Diretor de Sistemas de Informação', 'Diretor de Sistemas de Informação', 'Diretor de Sistemas de Informação', 'episodio_3_sistemas_de_informacao_salmao.doc', 0, 0, '3.2'),
(62, 44, 103, 'Formulário de Atividades (simulação, análise, conceituação, conexão) ', 'Formulário de Atividades (simulação, análise, conceituação, conexão) ', 'Formulário de Atividades (simulação, análise, conceituação, conexão) ', 'episodio_3_formularios_branco.doc', 0, 0, '3.3'),
(63, 44, 103, 'Modelo de relatório para definição do projeto - SI na Screw ', 'Modelo de relatório para definição do projeto - SI na Screw ', 'Modelo de relatório para definição do projeto - SI na Screw ', 'modelo_relatorio_de_definicao_do_projeto_si_screw.rtf', 0, 0, '3.3'),
(64, 44, 103, 'Ficha de  avaliação - Critérios - Apresentação do projeto', 'Ficha de  avaliação - Critérios - Apresentação do projeto', 'Ficha de  avaliação - Critérios - Apresentação do projeto', '3_ficha_avaliacao__Apresentacao__TSI_verII.doc', 0, 0, '3.3'),
(65, 45, 103, 'Episódio 4 - O planejamento - Cenário Inicial', 'Episódio 4 - O planejamento - Cenário Inicial', 'Episódio 4 - O planejamento - Cenário Inicial', 'episodio4_cenario_BRANCO.doc', 0, 0, '4'),
(66, 45, 103, 'Metodologia para o Desenvolvimento de Sistemas de Informação', 'Metodologia para o Desenvolvimento de Sistemas de Informação', 'Metodologia para o Desenvolvimento de Sistemas de Informação', 'FSI-MET-DES-SISTEMAS.ppt', 0, 0, '4'),
(67, 46, 103, 'Composição da Equipe', 'Composição da Equipe', 'Composição da Equipe', 'episodio4_formulario_equipe_BRANCO.doc', 0, 0, '4.1'),
(68, 47, 103, 'Usuário Chave', 'Usuário Chave', 'Usuário Chave', 'episodio4__usuario_chave_AMARELO.doc', 0, 0, '4.2'),
(69, 47, 103, 'Analista de Sistemas', 'Analista de Sistemas', 'Analista de Sistemas', 'episodio4_analista_de_sistemas_AZUL.doc', 0, 0, '4.2'),
(70, 47, 103, 'Analista de Suporte', 'Analista de Suporte', 'Analista de Suporte', 'episodio4_analista_de_suporte_ROSA.doc', 0, 0, '4.2'),
(71, 47, 103, 'Consultor Externo', 'Consultor Externo', 'Consultor Externo', 'episodio4_consultor_externo_VERDE.doc', 0, 0, '4.2'),
(72, 47, 103, 'Coordenador Interno', 'Coordenador Interno', 'Coordenador Interno', 'episodio4_coordenador_interno_SALMAO.doc', 0, 0, '4.2'),
(73, 48, 103, 'Formulário de Atividades', 'Formulário de Atividades', 'Formulário de Atividades', 'episodio4_formularios_atividades_BRANCO.doc', 0, 0, '4.3'),
(74, 48, 103, 'Modelo de Formulário - Entrega dos Resultados', 'Modelo de Formulário - Entrega dos Resultados', 'Modelo de Formulário - Entrega dos Resultados', 'episodio4_modelo_formulario_plano_Projeto.doc', 0, 0, '4.3'),
(75, 49, 103, 'Episódio 5 - A Ação - Cenário Inicial', 'Episódio 5 - A Ação - Cenário Inicial', 'Episódio 5 - A Ação - Cenário Inicial', 'episodio5_cenario_BRANCO.doc', 0, 0, '5'),
(76, 49, 103, 'Metodologia para o Desenvolvimento de Sistemas', 'Metodologia para o Desenvolvimento de Sistemas', 'Metodologia para o Desenvolvimento de Sistemas', 'FSI-MET-DES-SISTEMAS.ppt', 0, 0, '5'),
(77, 50, 103, 'Composição da Equipe ', 'Composição da Equipe ', 'Composição da Equipe ', 'episodio5_formulario_equipe_BRANCO.doc', 0, 0, '5.1'),
(78, 51, 103, 'Usuário Chave', 'Usuário Chave', 'Usuário Chave', 'episodio5_usuario_chave_AMARELO.doc', 0, 0, '5.2'),
(79, 51, 103, 'Analista de Sistemas', 'Analista de Sistemas', 'Analista de Sistemas', 'episodio5_analista_de_sistemas__AZUL.doc', 0, 0, '5.2'),
(80, 51, 103, 'Analista de Suporte', 'Analista de Suporte', 'Analista de Suporte', 'episodio5_analista_de_Suporte_ROSA.doc', 0, 0, '5.2'),
(81, 51, 103, 'Consultor Externo', 'Consultor Externo', 'Consultor Externo', 'episodio5_consultor_Externo_VERDE.doc', 0, 0, '5.2'),
(82, 51, 103, 'Coordenador Interno ', 'Coordenador Interno ', 'Coordenador Interno ', 'episodio5_coordenador_interno_SALMAO.doc', 0, 0, '5.2'),
(83, 52, 103, 'Formulário de atividades', 'Formulário de atividades', 'Formulário de atividades', 'episodio5_formularios_BRANCO.doc', 0, 0, '5.3'),
(84, 52, 103, 'Modelo de Relatório da Análise do Contas a Receber', 'Modelo de Relatório da Análise do Contas a Receber', 'Modelo de Relatório da Análise do Contas a Receber', 'modelo_relatorio_analise_contas_a_receber_TSI.rtf', 0, 0, '5.3'),
(85, 53, 103, 'Cenário do Episódio 6 - A avaliação ', 'Cenário do Episódio 6 - A avaliação ', 'Cenário do Episódio 6 - A avaliação ', 'episodio6_cenario_BRANCO.doc', 0, 0, '6'),
(86, 54, 103, 'Composição da Equipe ', 'Composição da Equipe ', 'Composição da Equipe ', 'episodio6_formulario_equipe_BRANCO.doc', 0, 0, '6.1'),
(87, 55, 103, 'Analista de Sistemas', 'Analista de Sistemas', 'Analista de Sistemas', 'episodio6_analista_de_sistemas_AZUL.doc', 0, 0, '6.2'),
(88, 55, 103, 'Analista de Suporte', 'Analista de Suporte', 'Analista de Suporte', 'episodio6_analista_de_suporte_ROSA.doc', 0, 0, '6.2'),
(89, 55, 103, 'Usuário Chave', 'Usuário Chave', 'Usuário Chave', 'episodio6_usuario_chave_AMARELO.doc', 0, 0, '6.2'),
(90, 55, 103, 'Consultor Externo', 'Consultor Externo', 'Consultor Externo', 'episodio6_consultor_externo_VERDE.doc', 0, 0, '6.2'),
(91, 55, 103, 'Coordenador Interno ', 'Coordenador Interno ', 'Coordenador Interno ', 'episodio6_coordenador_interno_SALMAO.doc', 0, 0, '6.2'),
(92, 56, 103, 'Formulário de Atividades', 'Formulário de Atividades', 'Formulário de Atividades', 'episodio6_formularios_BRANCO.doc', 0, 0, '6.3'),
(93, 56, 103, 'Modelo de Relatório de Acompanhamento e Avaliação', 'Modelo de Relatório de Acompanhamento e Avaliação', 'Modelo de Relatório de Acompanhamento e Avaliação', 'modelo_relatorio_acompanhamento_avaliacao_TSI.rtf', 0, 0, '6.3'),
(94, 57, 103, 'Atividade de Fixação - Episódio 4 a 7', 'Atividade de Fixação - Episódio 4 a 7', 'Atividade de Fixação - Episódio 4 a 7', 'Atividade_Questionaio_EP_4_7_FSI_1_2008.doc', 0, 0, '7'),
(95, 57, 103, 'Cenário Episódio 7', 'Cenário Episódio 7', 'Cenário Episódio 7', 'episodio7_cenario_BRANCO_-_sem_numero.doc', 0, 0, '7'),
(96, 58, 103, 'Composição da Equipe', 'Composição da Equipe', 'Composição da Equipe', 'episodio7_formulario_equipe_BRANCO.doc', 0, 0, '7.1'),
(97, 59, 103, 'Analista de Sistemas', 'Analista de Sistemas', 'Analista de Sistemas', 'episodio7_analista_de_sistemas_AZUL.doc', 0, 0, '7.2'),
(98, 59, 103, 'Analista de Suporte', 'Analista de Suporte', 'Analista de Suporte', 'episodio7_analista_de_suporte__ROSA.doc', 0, 0, '7.2'),
(99, 59, 103, 'Usuário Chave', 'Usuário Chave', 'Usuário Chave', 'episodio7_usuario_chave_AMARELO.doc', 0, 0, '7.2'),
(100, 59, 103, 'Consultor Externo', 'Consultor Externo', 'Consultor Externo', 'episodio7_consultor_externo_VERDE.doc', 0, 0, '7.2'),
(101, 59, 103, 'Coordenador Interno ', 'Coordenador Interno ', 'Coordenador Interno ', 'episodio7_coordenador_interno_SALMAO.doc', 0, 0, '7.2'),
(102, 60, 103, 'Formulário de Atividades - Episódio 7', 'Formulário de Atividades - Episódio 7', 'Formulário de Atividades - Episódio 7', 'episodio7_formularios_BRANCO.doc', 0, 0, '7.3'),
(103, 60, 103, 'Modelo de Relatório de Pós-Implementação', 'Modelo de Relatório de Pós-Implementação', 'Modelo de Relatório de Pós-Implementação', 'modelo_relatorio_pos_implementacao_TSI.rtf', 0, 0, '7.3'),
(104, 61, 114, 'Exercício de Fixação - PEA a distância ', 'Exercício de Fixação - PEA a distância ', 'PEA a distância ', '1_atividade_fixacao.html', 1, 1, '1'),
(105, 61, 114, 'Exercício de Fixação - PEA a distância ', 'Exercício de Fixação - PEA a distância ', 'Exercício de Fixação - PEA a distância ', '1_atividade_fixacao.doc', 0, 0, '1'),
(106, 61, 114, 'O PROCESSO DE ENSINO-APRENDIZAGEM A DISTÂNCIA ', 'O PROCESSO DE ENSINO-APRENDIZAGEM A DISTÂNCIA ', 'O PROCESSO DE ENSINO-APRENDIZAGEM A DISTÂNCIA ', '1_ead_e_learning_aspectos_gerais.pdf', 0, 0, '1'),
(107, 61, 114, 'Apresentação Equipe 1 - PEA e evolução histórica', 'Apresentação Equipe 1 - PEA e evolução histórica', 'Apresentação Equipe 1 - PEA e evolução histórica', 'equipe1_pea.pdf', 0, 0, '1'),
(108, 63, 114, 'Apresentação Equipe 2 - Pedagogia e Andragogia', 'Apresentação Equipe 2 - Pedagogia e Andragogia', 'Apresentação Equipe 2 - Pedagogia e Andragogia', 'equipe2-pedagogia_andragogia.ppt', 0, 0, '1.2'),
(109, 64, 114, 'Apresentação Equipe 3- Fundamentos da EaD', 'Apresentação Equipe 3- Fundamentos da EaD', 'Apresentação Equipe 3- Fundamentos da EaD', 'equipe3_fundamentos_ead_.pdf', 0, 0, '2'),
(110, 66, 114, 'Apresentação Equipe 4- E-learning', 'Apresentação Equipe 4- E-learning', 'Apresentação Equipe 4- E-learning', 'equipe4_e-Learning.pdf', 0, 0, '3'),
(111, 67, 114, 'Apresentação Equipe 5 - Ambientes E-learning (Componentes)', 'Apresentação Equipe 5 - Ambientes E-learning (Componentes)', 'Apresentação Equipe 5 - Ambientes E-learning (Componentes)', 'equipe5_AE_componentes.ppt', 0, 0, '4'),
(112, 68, 114, 'Apresentação Equipe 6 - Ambientes E-learning (Classificação) ', 'Apresentação Equipe 6 - Ambientes E-learning (Classificação) ', 'Apresentação Equipe 6 - Ambientes E-learning (Classificação) ', 'equipe6_modalidades_classificacao_ae.ppt', 0, 0, '4.1'),
(113, 70, 114, 'Atividade de Fixação - Avaliação de Ambientes E-learning', 'Atividade de Fixação - Avaliação de Ambientes E-learning', 'Aividade de fixação', '2_atividade_fixacao.html', 1, 1, '6'),
(114, 70, 114, 'Avaliação de AE - Conceito', 'Avaliação de AE - Conceito', 'Avaliação de AE - Conceito', '2_avaliacao_ambientes_e-learning_conceito_a.pdf', 0, 0, '6'),
(115, 70, 114, 'Tese - MAEP: UM MÉTODO ERGOPEDAGÓGICO INTERATIVO DE AVALIAÇÃO PARA PRODUTOS EDUCACIONAIS INFORMATIZADOS', 'MAEP: UM MÉTODO ERGOPEDAGÓGICO INTERATIVO DE AVALIAÇÃO PARA PRODUTOS EDUCACIONAIS INFORMATIZADOS', 'MAEp', 'tese_cassandra_silva_2002.pdf', 0, 0, '6'),
(116, 70, 114, 'Atividade de Fixação - Avaliação de Ambientes E-learning', 'Atividade de Fixação - Avaliação de Ambientes E-learning', 'Atividade de Fixação - Avaliação de Ambientes E-learning', '2_atividade_fixacao.doc', 0, 0, '6'),
(117, 70, 114, 'Tese - Método de avaliação para Ambientes E-learning - MA-AE ', 'Tese - Método de avaliação para Ambientes E-learning - MA-AE ', 'Tese', 'tese_kemczinski.pdf', 0, 0, '6'),
(118, 70, 114, 'Apresentação Equipe 7 - Avaliação de Ambientes E-learning (Geral) ', 'Apresentação Equipe 7 - Avaliação de Ambientes E-learning (Geral) ', 'Apresentação Equipe 7 - Avaliação de Ambientes E-learning (Geral) ', 'equipe7_avaliacao_softwares_educacionais97.ppt', 0, 0, '6'),
(119, 71, 114, 'Apresentação Equipe 8 - Modelos de Aprendizagem', 'Apresentação Equipe 8 - Modelos de Aprendizagem', 'Apresentação Equipe 8 - Modelos de Aprendizagem', 'equipe8_modelos_aprendizagem.pdf', 0, 0, '6.1'),
(120, 72, 114, 'Avaliação Pedagógica: Uso Educacional ', 'Avaliação Pedagógica: Uso Educacional ', 'Avaliação Pedagógica, Uso Educacional ', '2_avaliacao_ambientes_e-learning_pedagogica_b.pdf', 0, 0, '6.2'),
(121, 72, 114, 'Apresentação - equipe 2 - ensino-aprendizagem', 'Apresentação - equipe 2 - ensino-aprendizagem', 'Apresentação - equipe 2 - ensino-aprendizagem', 'equipe2_ensino_aprendizagem.ppt', 0, 0, '6.2'),
(122, 72, 114, 'Apresentação - equipe 3 - dispositivo de formação', 'Apresentação - equipe 3 - dispositivo de formação', 'Apresentação - equipe 3 - dispositivo de formação', 'equipe3_dispositivos_formacao.pdf', 0, 0, '6.2'),
(123, 72, 114, 'Apresentação - equipe 4 -controle e gestão de processo', 'Apresentação - equipe 4 -controle e gestão de processo', 'Apresentação - equipe 4 -controle e gestão de processo', 'equipe4_controle_gestao_processo.ppt', 0, 0, '6.2'),
(124, 72, 114, 'Apresentação - equipe 5 - validade político-pedagógica', 'Apresentação - equipe 5 - validade político-pedagógica', 'Apresentação - equipe 5 - validade político-pedagógica', 'equipe5_validade-politico-pedagogica.pdf', 0, 0, '6.2'),
(125, 72, 114, 'Apresentação - equipe 1 - avaliação de e-learning ', 'Apresentação - equipe 1 - avaliação de e-learning ', 'Apresentação - equipe 1 - avaliação de e-learning ', 'equipe1_avaliacao_learning.pdf', 0, 0, '6.2'),
(126, 73, 114, 'Apresentação - equipe 6 - modelos de qualidade de sw', 'Apresentação - equipe 6 - modelos de qualidade de sw', 'Apresentação - equipe 6 - modelos de qualidade de sw', 'equipe6_modelos_qualidade_sw.pdf', 0, 0, '6.3'),
(127, 73, 114, 'Apresentação - equipe 7 - ma-ae', 'Apresentação - equipe 7 - ma-ae', 'Apresentação - equipe 7 - ma-ae', 'equipe7_avaliacao_tecnica_ma-ae.ppt', 0, 0, '6.3'),
(128, 73, 114, 'Apresentação - equipe 8 - sia-ae', 'Apresentação - equipe 8 - sia-ae', 'Apresentação - equipe 8 - sia-ae', 'equipe8_apresentacao_SIAAE.ppt', 0, 0, '6.3'),
(129, 77, 114, 'Tutorial do Adaptweb', 'Tutorial do Adaptweb', 'Tutorial do Adaptweb', '3b_tutorial_adaptWeb_UEL.zip', 0, 0, '7'),
(130, 77, 114, 'Slides do Curso Autoria Adaptweb', 'Slides do Curso Autoria Adaptweb', 'Slides do Curso Autoria Adaptweb', '3c_slides_adaptWeb_UEL.zip', 0, 0, '7'),
(131, 77, 114, 'Conteúdo exemplo - montar aula', 'Conteúdo exemplo - montar aula', 'Conteúdo exemplo - montar aula', '3d_aula_adaptweb.zip', 0, 0, '7'),
(132, 78, 114, 'Instrução para Construção de Artigo Técnico-Científico', 'Instrução para Construção de Artigo Técnico-Científico', 'Instrução para Construção de Artigo Técnico-Científico', '3_Confeccao-Artigo-modelo_IE_word_TOCI_15.doc', 0, 0, '8'),
(133, 78, 114, 'Dicas de bases de dados para pesquisa em Artigo tecnico-científico ', 'Dicas de bases de dados para pesquisa em Artigo tecnico-científico ', 'Dicas de bases de dados para pesquisa em Artigo tecnico-científico ', 'Modelando_Conteudo_Educacional.txt', 0, 0, '8'),
(134, 78, 114, 'Modelo do relatório de pesquisa em EAD', 'Modelo do relatório de pesquisa em EAD', 'Modelo do relatório de pesquisa em EAD', '3_Modelo_Relatorio__Pesquisa_em_EAD.rtf', 0, 0, '8'),
(135, 79, 114, 'Artigos - Área - Acessibilidade - 2 artigos (zip)', 'Artigos - Área - Acessibilidade - 2 artigos (zip)', 'Artigos - Área - Acessibilidade - 2 artigos (zip)', '3_area_acessibilidade.zip', 0, 0, '8.1'),
(136, 80, 114, 'Artigos - Área - Ambientes 3D - 2 artigos (zip)', 'Artigos - Área - Ambientes 3D - 2 artigos (zip)', 'Artigos - Área - Ambientes 3D - 2 artigos (zip)', '3_area_ambientes_3D.zip', 0, 0, '8.2'),
(137, 81, 114, 'Artigos - Área - Colaboração - 5 artigos (.zip) ', 'Artigos - Área - Colaboração - 5 artigos (.zip) ', 'Artigos - Área - Colaboração - 5 artigos (.zip) ', '3_area_colaboracao_2_3artigos.zip', 0, 0, '8.3'),
(138, 82, 114, 'Artigos - Área - Educação e Avaliação - 9 artigos (.zip) ', 'Artigos - Área - Educação e Avaliação - 9 artigos (.zip) ', 'Artigos - Área - Educação e Avaliação - 9 artigos (.zip) ', '3_area_educacao_avaliacao_1_3artigos.zip', 0, 0, '8.4'),
(139, 83, 114, 'Artigos - Área - Objetos de Aprendizagem - 7 artigos (.zip)', 'Artigos - Área - Objetos de Aprendizagem - 7 artigos (.zip)', 'Artigos - Área - Objetos de Aprendizagem - 7 artigos (.zip)', '3_area_OA_1_4artigos.zip', 0, 0, '8.5'),
(140, 84, 114, 'Artigos - Área - TV Digital - 1 artigo (.zip)', 'Artigos - Área - TV Digital - 1 artigo (.zip)', 'Artigos - Área - TV Digital - 1 artigo (.zip)', '3_area_tv_digita.zip', 0, 0, '8.6');

-- --------------------------------------------------------

--
-- Table structure for table `logusuario`
--

CREATE TABLE IF NOT EXISTS `logusuario` (
  `CodigoLogUsuario` int(11) NOT NULL auto_increment,
  `CodigoUsuario` int(11) NOT NULL,
  `CodigoCurso` int(11) NOT NULL,
  `CodigoDisciplina` int(11) NOT NULL,
  `NumeroTopico` varchar(30) NOT NULL,
  `TipoLogUsuario` varchar(30) NOT NULL,
  `EstiloLogUsuario` varchar(30) NOT NULL,
  PRIMARY KEY  (`CodigoLogUsuario`)
) ENGINE=MyISAM  DEFAULT CHARSET=latin1 AUTO_INCREMENT=32 ;

--
-- Dumping data for table `logusuario`
--

INSERT INTO `logusuario` (`CodigoLogUsuario`, `CodigoUsuario`, `CodigoCurso`, `CodigoDisciplina`, `NumeroTopico`, `TipoLogUsuario`, `EstiloLogUsuario`) VALUES
(1, 8, 10, 9, '1', 'conceito', 'livre'),
(2, 8, 10, 9, '1', 'conceito', 'livre'),
(3, 8, 10, 9, '3', 'conceito', 'livre'),
(4, 8, 10, 9, '3', 'exercicio', 'livre'),
(6, 8, 10, 8, '1', 'conceito', 'livre'),
(7, 8, 10, 8, '6.3.2', 'conceito', 'livre'),
(8, 8, 10, 8, '6.3.2', 'exemplo', 'livre'),
(9, 8, 10, 8, '6.3.2', 'conceito', 'livre'),
(10, 8, 10, 8, '1', 'conceito', 'tutorial'),
(11, 8, 10, 8, '1', 'conceito', 'tutorial'),
(12, 8, 10, 8, '1', 'conceito', 'tutorial'),
(13, 8, 10, 8, '1', 'conceito', 'tutorial'),
(14, 8, 10, 8, '1', 'conceito', 'tutorial'),
(15, 8, 10, 8, '1', 'conceito', 'tutorial'),
(16, 8, 10, 8, '1', 'conceito', 'tutorial'),
(17, 8, 10, 8, '1', 'conceito', 'livre'),
(18, 8, 10, 8, '1', 'conceito', 'livre'),
(19, 8, 10, 8, '1', 'conceito', 'tutorial'),
(20, 8, 10, 8, '2', 'conceito', 'tutorial'),
(21, 8, 10, 8, '3', 'conceito', 'tutorial'),
(22, 8, 10, 8, '4', 'conceito', 'tutorial'),
(23, 8, 10, 8, '1', 'conceito', 'tutorial'),
(24, 8, 10, 8, '2', 'conceito', 'tutorial'),
(25, 8, 10, 8, '3', 'conceito', 'tutorial'),
(26, 8, 10, 8, '4', 'conceito', 'tutorial'),
(27, 8, 10, 8, '5', 'conceito', 'tutorial'),
(28, 8, 10, 8, '6', 'conceito', 'tutorial'),
(29, 8, 10, 8, '6.1', 'conceito', 'tutorial'),
(30, 8, 10, 8, '6.1', 'material', 'tutorial'),
(31, 8, 10, 8, '6.1.2', 'material', 'tutorial');

-- --------------------------------------------------------

--
-- Table structure for table `matricula`
--

CREATE TABLE IF NOT EXISTS `matricula` (
  `CodigoMatricula` int(11) NOT NULL auto_increment,
  `CodigoUsuario` int(11) NOT NULL,
  `CodigoCurso` int(11) NOT NULL,
  PRIMARY KEY  (`CodigoMatricula`)
) ENGINE=MyISAM  DEFAULT CHARSET=latin1 AUTO_INCREMENT=8 ;

--
-- Dumping data for table `matricula`
--

INSERT INTO `matricula` (`CodigoMatricula`, `CodigoUsuario`, `CodigoCurso`) VALUES
(1, 6, 10),
(2, 7, 143),
(3, 6, 143),
(4, 6, 140),
(5, 6, 370),
(6, 4, 446),
(7, 8, 10);

-- --------------------------------------------------------

--
-- Table structure for table `topicocurso`
--

CREATE TABLE IF NOT EXISTS `topicocurso` (
  `CodigoTopicoCurso` int(11) NOT NULL auto_increment,
  `CodigoTopico` int(11) NOT NULL,
  `CodigoCurso` int(11) NOT NULL,
  PRIMARY KEY  (`CodigoTopicoCurso`)
) ENGINE=MyISAM  DEFAULT CHARSET=latin1 AUTO_INCREMENT=298 ;

--
-- Dumping data for table `topicocurso`
--

INSERT INTO `topicocurso` (`CodigoTopicoCurso`, `CodigoTopico`, `CodigoCurso`) VALUES
(1, 1, 10),
(2, 1, 11),
(3, 2, 10),
(4, 2, 11),
(5, 3, 10),
(6, 3, 11),
(7, 4, 10),
(8, 4, 11),
(9, 5, 10),
(10, 5, 11),
(11, 6, 10),
(12, 6, 11),
(13, 7, 10),
(14, 7, 11),
(15, 8, 10),
(16, 8, 11),
(17, 9, 10),
(18, 9, 11),
(19, 10, 10),
(20, 10, 11),
(21, 11, 10),
(22, 11, 11),
(23, 12, 10),
(24, 12, 11),
(25, 13, 10),
(26, 13, 11),
(27, 14, 10),
(28, 14, 11),
(29, 15, 10),
(30, 15, 11),
(31, 16, 10),
(32, 16, 11),
(33, 17, 13),
(34, 17, 95),
(35, 18, 13),
(36, 19, 13),
(37, 19, 95),
(38, 20, 13),
(39, 20, 10),
(40, 20, 11),
(41, 21, 17),
(42, 21, 18),
(43, 22, 13),
(44, 22, 17),
(45, 22, 18),
(46, 23, 17),
(47, 23, 18),
(48, 24, 20),
(49, 24, 21),
(50, 24, 22),
(51, 25, 20),
(52, 25, 21),
(53, 25, 22),
(54, 26, 20),
(55, 26, 21),
(56, 27, 20),
(57, 27, 21),
(58, 27, 22),
(59, 28, 20),
(60, 28, 21),
(61, 28, 22),
(62, 29, 20),
(63, 29, 21),
(64, 30, 17),
(65, 30, 20),
(66, 30, 21),
(67, 30, 22),
(68, 31, 20),
(69, 31, 21),
(70, 32, 18),
(71, 32, 20),
(72, 32, 21),
(73, 32, 22),
(74, 33, 140),
(75, 34, 140),
(76, 35, 140),
(77, 36, 140),
(78, 37, 140),
(79, 38, 140),
(80, 39, 140),
(81, 40, 140),
(82, 41, 140),
(83, 42, 140),
(84, 43, 140),
(85, 44, 140),
(86, 45, 140),
(87, 46, 140),
(88, 47, 140),
(89, 48, 140),
(90, 49, 140),
(91, 50, 140),
(92, 51, 140),
(93, 52, 140),
(94, 53, 140),
(95, 54, 140),
(96, 55, 140),
(97, 56, 140),
(98, 57, 140),
(99, 58, 140),
(100, 59, 140),
(101, 60, 140),
(102, 61, 143),
(103, 62, 143),
(104, 63, 143),
(105, 64, 143),
(106, 65, 143),
(107, 66, 143),
(108, 67, 143),
(109, 68, 143),
(110, 69, 143),
(111, 70, 143),
(112, 71, 143),
(113, 72, 143),
(114, 73, 143),
(115, 74, 143),
(116, 75, 143),
(117, 76, 143),
(118, 77, 143),
(119, 78, 143),
(120, 79, 143),
(121, 80, 143),
(122, 81, 143),
(123, 82, 143),
(124, 83, 143),
(125, 84, 143),
(126, 85, 140),
(127, 86, 140),
(128, 87, 140),
(129, 88, 140),
(130, 89, 140),
(131, 90, 140),
(132, 91, 140),
(133, 92, 140),
(134, 93, 140),
(135, 94, 140),
(136, 95, 140),
(137, 96, 140),
(138, 97, 140),
(139, 98, 140),
(140, 99, 140),
(141, 100, 140),
(142, 101, 140),
(143, 102, 140),
(144, 103, 140),
(145, 104, 140),
(146, 105, 140),
(147, 106, 140),
(148, 107, 140),
(149, 108, 140),
(150, 109, 10),
(151, 109, 11),
(152, 109, 21),
(153, 110, 10),
(154, 110, 11),
(155, 110, 21),
(156, 111, 10),
(157, 111, 11),
(158, 111, 21),
(159, 112, 10),
(160, 112, 11),
(161, 112, 21),
(162, 113, 10),
(163, 113, 11),
(164, 114, 10),
(165, 114, 11),
(166, 115, 10),
(167, 115, 11),
(168, 116, 10),
(169, 116, 11),
(170, 117, 10),
(171, 117, 11),
(172, 118, 10),
(173, 118, 11),
(174, 119, 10),
(175, 119, 11),
(176, 120, 10),
(177, 120, 11),
(178, 121, 10),
(179, 121, 11),
(180, 122, 10),
(181, 122, 11),
(182, 123, 10),
(183, 123, 11),
(184, 124, 10),
(185, 124, 11),
(186, 125, 365),
(187, 126, 365),
(188, 127, 365),
(189, 128, 365),
(190, 129, 365),
(191, 130, 365),
(192, 131, 365),
(193, 132, 365),
(194, 133, 365),
(195, 134, 365),
(196, 135, 365),
(197, 136, 365),
(198, 137, 365),
(199, 138, 365),
(200, 139, 365),
(201, 140, 365),
(202, 141, 365),
(203, 142, 365),
(204, 143, 365),
(205, 144, 365),
(206, 145, 365),
(207, 146, 365),
(208, 147, 365),
(209, 148, 365),
(210, 149, 370),
(211, 150, 370),
(212, 151, 370),
(213, 152, 370),
(214, 153, 370),
(215, 154, 370),
(216, 155, 370),
(217, 156, 370),
(218, 157, 370),
(219, 158, 370),
(220, 159, 370),
(221, 160, 370),
(222, 161, 370),
(223, 162, 370),
(224, 163, 370),
(225, 164, 370),
(226, 165, 370),
(227, 166, 370),
(228, 167, 370),
(229, 168, 370),
(230, 169, 370),
(231, 170, 370),
(232, 171, 370),
(233, 172, 370),
(234, 173, 446),
(235, 174, 446),
(236, 175, 446),
(237, 176, 446),
(238, 177, 446),
(239, 178, 446),
(240, 179, 446),
(241, 180, 446),
(242, 181, 446),
(243, 182, 446),
(244, 183, 446),
(245, 184, 446),
(246, 185, 446),
(247, 186, 446),
(248, 187, 446),
(249, 188, 446),
(250, 189, 446),
(251, 190, 446),
(252, 191, 446),
(253, 192, 446),
(254, 193, 446),
(255, 194, 446),
(256, 195, 446),
(257, 196, 446),
(258, 197, 446),
(259, 198, 446),
(260, 199, 446),
(261, 200, 446),
(262, 201, 446),
(263, 202, 446),
(264, 203, 446),
(265, 204, 446),
(266, 205, 446),
(267, 206, 446),
(268, 207, 446),
(269, 208, 446),
(270, 209, 446),
(271, 210, 446),
(272, 211, 446),
(273, 212, 446),
(274, 213, 446),
(275, 214, 446),
(276, 215, 446),
(277, 216, 446),
(278, 217, 446),
(279, 218, 446),
(280, 219, 446),
(281, 220, 446),
(282, 221, 446),
(283, 222, 446),
(284, 223, 446),
(285, 224, 446),
(286, 225, 446),
(287, 226, 446),
(288, 227, 446),
(289, 228, 446),
(290, 229, 446),
(291, 230, 446),
(292, 231, 446),
(293, 232, 446),
(294, 233, 446),
(295, 234, 446),
(296, 235, 446),
(297, 236, 446);

-- --------------------------------------------------------

--
-- Table structure for table `topicorequisito`
--

CREATE TABLE IF NOT EXISTS `topicorequisito` (
  `CodigoRequisito` int(11) NOT NULL auto_increment,
  `CodigoTopico` int(11) NOT NULL,
  `NumeroTopicoRequisito` varchar(30) NOT NULL,
  PRIMARY KEY  (`CodigoRequisito`)
) ENGINE=MyISAM  DEFAULT CHARSET=latin1 AUTO_INCREMENT=34 ;

--
-- Dumping data for table `topicorequisito`
--

INSERT INTO `topicorequisito` (`CodigoRequisito`, `CodigoTopico`, `NumeroTopicoRequisito`) VALUES
(1, 2, '1'),
(2, 3, '1'),
(3, 4, '2'),
(4, 4, '3'),
(5, 5, '4'),
(6, 6, '2'),
(7, 8, '6.1'),
(8, 9, '6.1'),
(9, 10, '6'),
(10, 11, '6.2'),
(11, 12, '6.2'),
(12, 13, '6'),
(13, 15, '6.3'),
(14, 31, '1.5'),
(15, 79, '8'),
(16, 80, '8'),
(17, 81, '8'),
(18, 82, '8'),
(19, 83, '8'),
(20, 84, '8'),
(21, 110, '1'),
(22, 111, '1'),
(23, 112, '2'),
(24, 112, '3'),
(25, 113, '4'),
(26, 114, '2'),
(27, 116, '6.1'),
(28, 117, '6.1'),
(29, 118, '6'),
(30, 119, '6.2'),
(31, 120, '6.2'),
(32, 121, '6'),
(33, 123, '6.3');

-- --------------------------------------------------------

--
-- Table structure for table `topicos`
--

CREATE TABLE IF NOT EXISTS `topicos` (
  `CodigoTopico` int(11) NOT NULL auto_increment,
  `CodigoUsuario` int(11) NOT NULL,
  `CodigoDisciplina` int(11) NOT NULL,
  `NumeroTopico` varchar(255) collate latin1_bin NOT NULL,
  `DescricaoTopico` varchar(255) collate latin1_bin NOT NULL,
  `AbreviacaoTopico` varchar(255) collate latin1_bin NOT NULL,
  `ArquivoTopico` varchar(255) collate latin1_bin NOT NULL,
  `KeywordTopico` varchar(255) collate latin1_bin NOT NULL,
  `StatusExemploTopico` tinyint(1) NOT NULL,
  `StatusExercicioTopico` tinyint(1) NOT NULL,
  `StatusMaterialTopico` tinyint(1) NOT NULL,
  PRIMARY KEY  (`CodigoTopico`)
) ENGINE=MyISAM  DEFAULT CHARSET=latin1 COLLATE=latin1_bin AUTO_INCREMENT=237 ;

--
-- Dumping data for table `topicos`
--

INSERT INTO `topicos` (`CodigoTopico`, `CodigoUsuario`, `CodigoDisciplina`, `NumeroTopico`, `DescricaoTopico`, `AbreviacaoTopico`, `ArquivoTopico`, `KeywordTopico`, `StatusExemploTopico`, `StatusExercicioTopico`, `StatusMaterialTopico`) VALUES
(1, 3, 8, '1', 'Introdução', 'Introdução', '1-introducao.xml', 'Introdução', 0, 0, 0),
(2, 3, 8, '2', 'Usabilidade', 'Usabilidade', '2-usabilidade.xml', 'Usabilidade, avaliação', 0, 0, 0),
(3, 3, 8, '3', 'Problemas de Usabilidade', 'Probl de Usabilid', '3-problemas_usabilidade.xml', 'Problemas, usability', 0, 0, 0),
(4, 3, 8, '4', 'Porque avaliar?', 'Porque avaliar?', '41-porque.xml', 'Porque avaliar?', 0, 0, 0),
(5, 3, 8, '5', 'Objetivos da Avaliação', 'Objetivos da Avaliação', '42-objetivos.xml', 'Objetivos da Avaliação', 0, 0, 0),
(6, 3, 8, '6', 'Técnicas de Avaliação', 'Técnicas de Avaliação', '43-avaliacao.xml', 'Técnicas de Avaliação', 0, 0, 0),
(7, 3, 8, '6.1', 'Técnicas Analíticas (Preditivas, Diagnóstica ou Inspeção)', 'Técnicas Analíticas', '431-analiticas.xml', 'Analíticas, Preditivas , Diagnóstica , Inspeção', 0, 0, 1),
(8, 3, 8, '6.1.1', 'Avaliação Heurística', 'Avaliação Heurística', '4311-heuristica.xml', 'Avaliação Heurística, Nielsen', 0, 0, 0),
(9, 3, 8, '6.1.2', 'Listas de Verificação (Checklist)', 'Listas de Verificação (Checklist)', '4312-checklist.xml', 'Listas de Verificação (Checklist)', 1, 0, 1),
(10, 3, 8, '6.2', 'Técnicas Empíricas (ou Objetivas)', 'Técnicas Empíricas (ou Objetivas)', '432-empiricas.xml', 'Técnicas Empíricas (ou Objetivas)', 0, 0, 0),
(11, 3, 8, '6.2.1', 'Análise de Log', 'Análise de Log', '4321-log.xml', 'Log, Análise', 0, 0, 0),
(12, 3, 8, '6.2.2', 'Ensaios de Interação', 'Ensaios de Interação', '4322-ensaios.xml', 'Ensaios, Interação', 0, 0, 0),
(13, 3, 8, '6.3', 'Técnicas Prospectivas (ou de Pesquisa de Opinião)', 'Prospectivas', '433-prospectivas.xml', 'Prospectivas', 0, 0, 0),
(14, 3, 8, '6.3.1', 'Entrevistas', 'Entrevistas', '4331-entrevistas.xml', 'Entrevistas', 0, 0, 0),
(15, 3, 8, '6.3.2', 'Questionários de Satisfação', 'Questionários de Satisfação', '4332-questionario.xml', 'Questionários de Satisfação', 1, 0, 1),
(16, 3, 8, '7', 'Referências', 'Referências', 'referencias.xml', 'Referências', 0, 0, 0),
(17, 3, 9, '1', 'Nome do conceito 1', 'Descrição do conceito 1', '1_1_Contrastes.xml', 'Palavras-chave do conceito 1', 1, 1, 1),
(18, 3, 9, '1.1', 'Nome do Sub-conceito 1.1', 'Descrição do Sub-conceito 1.1', '1_2_Economia_mundial.xml', 'Palavras-chave do Sub-conceito 1.1', 1, 1, 0),
(19, 3, 9, '2', 'Nome do Conceito 2', 'Descrição do Conceito 2', '2_1_Expansao_Matirima.xml', 'Palavras-chave do Conceito 2', 0, 0, 0),
(20, 3, 9, '3', 'Conceito teste', 'Conceito teste', '3_1_Territorio.xml', 'Conceito teste', 1, 1, 0),
(21, 3, 11, '1', 'O que é Bio-Química?', 'O que é Bio-Química?', 'Google.xml', 'O que é Bio-Química?', 0, 0, 1),
(22, 3, 11, '2', 'teste novo', 'teste nos', '1_3_Situacao_etnicas.xml', 'teste', 1, 1, 1),
(23, 3, 11, '3', 'Isso é BIO', 'as', '1_2_Economia_mundial.xml', 'as', 0, 0, 0),
(24, 3, 12, '1', 'Quantos Brasis Existem?', 'Brasil', '1_Quantos_Brasis_existem.xml', 'Brasil', 0, 0, 0),
(25, 3, 12, '1.1', 'Contrastes', 'Brasil', '1_1_Contrastes.xml', 'Brasil', 1, 1, 1),
(26, 3, 12, '1.2', 'Economia Mundial', 'Economia', '1_2_Economia_mundial.xml', 'Ecomonia', 1, 0, 0),
(27, 3, 12, '1.3', 'Situação etnica', 'etnica', '1_3_Situacao_etnica.xml', 'etnica', 0, 0, 0),
(28, 3, 12, '1.4', 'Discriminação', 'Discriminação', '1_4_Discriminacao.xml', 'Discriminação', 0, 0, 0),
(29, 3, 12, '1.5', 'Resumo', 'Resumo', '1_5_Resumo.xml', 'Resumo', 0, 0, 0),
(30, 3, 12, '2', 'Cultura', 'Cultura', '2_Cultura_Iberica_e_natureza_tropical.xml', 'Cultura; cidadania', 0, 0, 0),
(31, 3, 12, '2.1', 'Expansão', 'Expansão', '2_1_Expansao_Matirima.xml', 'Expansão', 0, 0, 0),
(32, 3, 12, '3', 'Movimento', 'Movimento', '3_Uma_fronteira_em_movimento.xml', 'Movimentos', 0, 0, 0),
(33, 5, 103, '1', 'Episódio 1 - Explorando o Terreno', 'Episódio 1 - Explorando o Terreno', 'cenario_inicial_episodio1.xml', 'Problemas, oportunidades, missão do projeto', 0, 0, 1),
(34, 5, 103, '1.1', 'Composição da Equipe', 'Composição da Equipe', 'composicao_equipe_episodio1.xml', 'Composição da Equipe', 0, 0, 1),
(35, 5, 103, '1.2', 'Papéis dos Personagens', 'Papéis dos Personagens', 'chamada_papeis_episodio1.xml', 'Papéis dos Personagens', 0, 0, 1),
(36, 5, 103, '1.3', 'Formulário de Atividades (simulação, análise, conceituação, conexão)', 'Formulário de Atividades (simulação, análise, conceituação, conexão)', 'formulario_atividades_episodio1.xml', 'Formulário de Atividades (simulação, análise, conceituação, conexão)', 0, 0, 1),
(37, 5, 103, '2', 'Episódio 2 - A entrada', 'Episódio 2 - A entrada', 'cenario_inicial_episodio2.xml', 'Suporte a alta gerência', 0, 0, 1),
(38, 5, 103, '2.1', 'Composição da Equipe', 'Composição da Equipe', 'composicao_equipe_episodio2.xml', 'Composição da Equipe', 0, 0, 1),
(39, 5, 103, '2.2', 'Papéis dos Personagens', 'Papéis dos Personagens', 'chamada_papeis_episodio2.xml', 'Papéis dos Personagens', 0, 0, 1),
(40, 5, 103, '2.3', 'Formulário de Atividades (simulação, análise, conceituação, conexão)', 'Formulário de Atividades (simulação, análise, conceituação, conexão)', 'formulario_atividades_episodio2.xml', 'Formulário de Atividades (simulação, análise, conceituação, conexão)', 0, 0, 1),
(41, 5, 103, '3', 'Episódio 3 - O diagnóstico', 'Episódio 3 - O diagnóstico', 'cenario_inicial_episodio3.xml', 'Episódio 3 - O diagnóstico', 0, 0, 1),
(42, 5, 103, '3.1', 'Composição da Equipe', 'Composição da Equipe', 'composicao_equipe_episodio3.xml', 'Composição da Equipe', 0, 0, 1),
(43, 5, 103, '3.2', 'Papéis dos Personagens', 'Papéis dos Personagens', 'chamada_papeis_episodio3.xml', 'Papéis dos Personagens', 0, 0, 1),
(44, 5, 103, '3.3', 'Formulário de Atividades + Modelo de Relatório - definição do projeto', 'Formulário de Atividades + Modelo de Relatório - definição do projeto', 'formulario_atividades_episodio3.xml', 'Formulário de Atividades + Modelo de Relatório - definição do projeto', 0, 0, 1),
(45, 5, 103, '4', 'Episódio 4 - O planejamento', 'Episódio 4 - O planejamento', 'cenario_inicial_episodio4.xml', 'plano do projeto, equipe', 0, 0, 1),
(46, 5, 103, '4.1', 'Composição da Equipe', 'Composição da Equipe', 'composicao_equipe.xml', 'Composição da Equipe', 0, 0, 1),
(47, 5, 103, '4.2', 'Papéis dos Personagens', 'Papéis dos Personagens', 'chamada_papeis.xml', 'Papéis dos Personagens', 0, 0, 1),
(48, 5, 103, '4.3', 'Formulário de Atividades', 'Formulário de Atividades', 'formulario_atividades.xml', 'Formulário de Atividades', 0, 0, 1),
(49, 5, 103, '5', 'Episódio 5 - A Ação', 'Episódio 5 - A Ação', 'cenario_inicial_episodio5.xml', 'Episódio 5 - A Ação', 0, 0, 1),
(50, 5, 103, '5.1', 'Composição da Equipe', 'Composição da Equipe', 'composicao_equipe_episodio5.xml', 'Composição da Equipe', 0, 0, 1),
(51, 5, 103, '5.2', 'Papéis dos Personagens', 'Papéis dos Personagens', 'chamada_papeis_episodio5.xml', 'Papéis dos Personagens', 0, 0, 1),
(52, 5, 103, '5.3', 'Formulário de Atividades', 'Formulário de Atividades', 'formulario_atividades_episodio5.xml', 'Formulário de Atividades', 0, 0, 1),
(53, 5, 103, '6', 'Episódio 6 - Avaliação', 'Episódio 6 - Avaliação', 'cenario_inicial_episodio6.xml', 'Episódio 6 - Avaliação', 0, 0, 1),
(54, 5, 103, '6.1', 'Composição da Equipe', 'Composição da Equipe', 'composicao_equipe_episodio6.xml', 'Composição da Equipe', 0, 0, 1),
(55, 5, 103, '6.2', 'Papéis do Personagens', 'Papéis do Personagens', 'chamada_papeis_episodio6.xml', 'Papéis do Personagens', 0, 0, 1),
(56, 5, 103, '6.3', 'Formulário de Atividades', 'Formulário de Atividades', 'formulario_atividades_episodio6.xml', 'Formulário de Atividades', 0, 0, 1),
(57, 5, 103, '7', 'Episódio 7 - O término - Cenário Inicial', 'Episódio 7 - O término - Cenário Inicial', 'cenario_inicial_episodio7.xml', 'Episódio 7 - O término - Cenário Inicial', 0, 0, 1),
(58, 5, 103, '7.1', 'Composição da Equipe', 'Composição da Equipe', 'composicao_equipe_episodio7.xml', 'Composição da Equipe', 0, 0, 1),
(59, 5, 103, '7.2', 'Papéis dos Personagens', 'Papéis dos Personagens', 'chamada_papeis_episodio7.xml', 'Papéis dos Personagens', 0, 0, 1),
(60, 5, 103, '7.3', 'Formulário de Atividades', 'Formulário de Atividades', 'formulario_atividades_episodio7.xml', 'Formulário de Atividades', 0, 0, 1),
(61, 5, 114, '1', 'Processo  de ensino-aprendizagem a distância', 'ensino-aprendizagem a distância', '1c_processo_ensino_aprendizagem_distancia.xml', 'ensino-aprendizagem, ead, concietos', 0, 1, 1),
(62, 5, 114, '1.1', 'Evolução da educação a distância', 'História da EAD', '1b_evolucao_historica.xml', 'Evolução histórica, ead', 0, 0, 0),
(63, 5, 114, '1.2', 'Processo ensino-aprendizagem de adultos', 'Educação de adultos', '1a_ensino_aprendizagem_adultos.xml', 'pedagogia, andragogia, ead', 0, 0, 1),
(64, 5, 114, '2', 'Fundamentos a Educação a Distância', 'Fundamentos a Educação a Distância', '1d_fundamentos_ead.xml', 'Ead', 0, 0, 1),
(65, 5, 114, '2.1', 'Vantagens e desvantagens da ead', 'Vantagens e desvantagens da ead', '1e_vantagens_desvantagens_ead.xml', 'Vantagens, desvantagens, ead', 0, 0, 0),
(66, 5, 114, '3', 'E-learning', 'E-learning', '1f_e_learning.xml', 'E-learning, conceito', 0, 0, 1),
(67, 5, 114, '4', 'Ambientes E-learning', 'Ambientes E-learning', '1g_ambientes_elearning.xml', 'Ambientes E-learning, componentes e modalidades', 0, 0, 1),
(68, 5, 114, '4.1', 'Classificação de Ambientes E-learning', 'Classificação de Ambientes E-learning', '1h_classificacao_ae.xml', 'Classificação, vantagens e desvantagens', 0, 0, 1),
(69, 5, 114, '5', 'Referência da aula - PEA-EAD', 'Referência da aula - PEA-EAD', '1i_referencias.xml', 'Referência', 0, 0, 0),
(70, 5, 114, '6', 'Avaliação de Ambientes E-learning', 'Avaliação de Ambientes E-learning', '2a_avaliacao_ae_conceito.xml', 'Conceito, Ambiente E-learning', 0, 1, 1),
(71, 5, 114, '6.1', 'Modelos de Aprendizagem', 'Modelos de Aprendizagem', '2b_avaliacao_ae_pedagogica-modelos.xml', 'Modelos de Aprendizagem', 0, 0, 1),
(72, 5, 114, '6.2', 'Avaliação Pedagógica: Uso Educacional', 'Avaliação Pedagógica: Uso Educacional', '2c_avaliacao_ae_pedagogica_uso_educacional.xml', 'Avaliação Pedagógica, Uso Educacional', 0, 0, 1),
(73, 5, 114, '6.3', 'Avaliação Tecnológica de Ambientes E-learning', 'Avaliação Técnica', '2d_avaliacao_ae_tecnologica.xml', 'Avaliação Técnica', 0, 0, 1),
(74, 5, 114, '6.3.1', 'Modelos de Avaliação de Qualidade de Software - Dimensão Técnica', 'Modelos de avaliação - Dimensão técnica', '2e_avaliacao_ae_tecnologica_modelos_avaliacao.xml', 'avaliação técnica', 0, 0, 0),
(75, 5, 114, '6.3.2', 'Visão Geral do Método de Avaliação para Ambientes E-learning', 'Método de Avaliação para Ambientes E-learning', '2f_visao_geral_ma_ae.xml', 'Método de Avaliação para Ambientes E-learning', 0, 0, 0),
(76, 5, 114, '6.3.3', 'Visão Geral do Sistema Interativo de Avaliação para Ambientes E-learning - SIA-AE', 'Visão Geral do Sistema Interativo de Avaliação para Ambientes E-learning - SIA-AE', '2g_visao_geral_sia_ae.xml', 'Visão Geral do Sistema Interativo de Avaliação para Ambientes E-learning - SIA-AE', 0, 0, 0),
(77, 5, 114, '7', 'Autoria no Ambiente Adaptweb', 'Autoria no Ambiente Adaptweb', '3a_autoria_adaptweb.xml', 'Autoria no Ambiente Adaptweb', 0, 0, 1),
(78, 5, 114, '8', 'Instrução para Construção de Artigo Técnico-Científico', 'Instrução para Construção de Artigo Técnico-Científico', '3_Instrucao_artigo.xml', 'Instrução para Construção de Artigo Técnico-Científico', 0, 0, 1),
(79, 5, 114, '8.1', 'Artigos - Área - Acessibilidade', 'Artigos - Área - Acessibilidade', '3a_Artigos_area_Acessibilidade.xml', 'Artigos - Área - Acessibilidade', 0, 0, 1),
(80, 5, 114, '8.2', 'Artigos - Área - Ambientes 3D', 'Artigos - Área - Ambientes 3D', '3b_Artigos_area_Ambientes_3D.xml', 'Artigos - Área - Ambientes 3D', 0, 0, 1),
(81, 5, 114, '8.3', 'Artigos - Área - Colaboração', 'Artigos - Área - Colaboração', '3c_Artigos_area_Colaboracao.xml', 'Artigos - Área - Colaboração', 0, 0, 1),
(82, 5, 114, '8.4', 'Artigos - Área - Educação e Avaliação', 'Artigos - Área - Educação e Avaliação', '3d_Artigos_area_Educacao_e_Avaliacao.xml', 'Artigos - Área - Educação e Avaliação', 0, 0, 1),
(83, 5, 114, '8.5', 'Artigos - Área - Objetos de Aprendizagem', 'Artigos - Área - Objetos de Aprendizagem', '3e_Artigos_area_Objetos_Aprendizagem.xml', 'Artigos - Área - Objetos de Aprendizagem', 0, 0, 1),
(84, 5, 114, '8.6', 'Artigos - Área - TV Digital', 'Artigos - Área - TV Digital', '3f_Artigos_area_TV_digital.xml', 'Artigos - Área - TV Digital', 0, 0, 1),
(85, 5, 222, '1', 'Processo  de ensino-aprendizagem a distância', 'ensino-aprendizagem a distância', '1c_processo_ensino_aprendizagem_distancia.xml', 'ensino-aprendizagem, ead, concietos', 0, 1, 1),
(86, 5, 222, '1.1', 'Evolução da educação a distância', 'História da EAD', '1b_evolucao_historica.xml', 'Evolução histórica, ead', 0, 0, 0),
(87, 5, 222, '1.2', 'Processo ensino-aprendizagem de adultos', 'Educação de adultos', '1a_ensino_aprendizagem_adultos.xml', 'pedagogia, andragogia, ead', 0, 0, 1),
(88, 5, 222, '2', 'Fundamentos a Educação a Distância', 'Fundamentos a Educação a Distância', '1d_fundamentos_ead.xml', 'Ead', 0, 0, 1),
(89, 5, 222, '2.1', 'Vantagens e desvantagens da ead', 'Vantagens e desvantagens da ead', '1e_vantagens_desvantagens_ead.xml', 'Vantagens, desvantagens, ead', 0, 0, 0),
(90, 5, 222, '3', 'E-learning', 'E-learning', '1f_e_learning.xml', 'E-learning, conceito', 0, 0, 1),
(91, 5, 222, '4', 'Ambientes E-learning', 'Ambientes E-learning', '1g_ambientes_elearning.xml', 'Ambientes E-learning, componentes e modalidades', 0, 0, 1),
(92, 5, 222, '4.1', 'Classificação de Ambientes E-learning', 'Classificação de Ambientes E-learning', '1h_classificacao_ae.xml', 'Classificação, vantagens e desvantagens', 0, 0, 1),
(93, 5, 222, '5', 'Referência da aula - PEA-EAD', 'Referência da aula - PEA-EAD', '1i_referencias.xml', 'Referência', 0, 0, 0),
(94, 5, 222, '6', 'Avaliação de Ambientes E-learning', 'Avaliação de Ambientes E-learning', '2a_avaliacao_ae_conceito.xml', 'Conceito, Ambiente E-learning', 0, 1, 1),
(95, 5, 222, '6.1', 'Modelos de Aprendizagem', 'Modelos de Aprendizagem', '2b_avaliacao_ae_pedagogica-modelos.xml', 'Modelos de Aprendizagem', 0, 0, 1),
(96, 5, 222, '6.2', 'Avaliação Pedagógica: Uso Educacional', 'Avaliação Pedagógica: Uso Educacional', '2c_avaliacao_ae_pedagogica_uso_educacional.xml', 'Avaliação Pedagógica, Uso Educacional', 0, 0, 1),
(97, 5, 222, '6.3', 'Avaliação Tecnológica de Ambientes E-learning', 'Avaliação Técnica', '2d_avaliacao_ae_tecnologica.xml', 'Avaliação Técnica', 0, 0, 1),
(98, 5, 222, '6.3.1', 'Modelos de Avaliação de Qualidade de Software - Dimensão Técnica', 'Modelos de avaliação - Dimensão técnica', '2e_avaliacao_ae_tecnologica_modelos_avaliacao.xml', 'avaliação técnica', 0, 0, 0),
(99, 5, 222, '6.3.2', 'Visão Geral do Método de Avaliação para Ambientes E-learning', 'Método de Avaliação para Ambientes E-learning', '2f_visao_geral_ma_ae.xml', 'Método de Avaliação para Ambientes E-learning', 0, 0, 0),
(100, 5, 222, '6.3.3', 'Visão Geral do Sistema Interativo de Avaliação para Ambientes E-learning - SIA-AE', 'Visão Geral do Sistema Interativo de Avaliação para Ambientes E-learning - SIA-AE', '2g_visao_geral_sia_ae.xml', 'Visão Geral do Sistema Interativo de Avaliação para Ambientes E-learning - SIA-AE', 0, 0, 0),
(101, 5, 222, '7', 'Autoria no Ambiente Adaptweb', 'Autoria no Ambiente Adaptweb', '3a_autoria_adaptweb.xml', 'Autoria no Ambiente Adaptweb', 0, 0, 1),
(102, 5, 222, '8', 'Instrução para Construção de Artigo Técnico-Científico', 'Instrução para Construção de Artigo Técnico-Científico', '3_Instrucao_artigo.xml', 'Instrução para Construção de Artigo Técnico-Científico', 0, 0, 1),
(103, 5, 222, '8.1', 'Artigos - Área - Acessibilidade', 'Artigos - Área - Acessibilidade', '3a_Artigos_area_Acessibilidade.xml', 'Artigos - Área - Acessibilidade', 0, 0, 1),
(104, 5, 222, '8.2', 'Artigos - Área - Ambientes 3D', 'Artigos - Área - Ambientes 3D', '3b_Artigos_area_Ambientes_3D.xml', 'Artigos - Área - Ambientes 3D', 0, 0, 1),
(105, 5, 222, '8.3', 'Artigos - Área - Colaboração', 'Artigos - Área - Colaboração', '3c_Artigos_area_Colaboracao.xml', 'Artigos - Área - Colaboração', 0, 0, 1),
(106, 5, 222, '8.4', 'Artigos - Área - Educação e Avaliação', 'Artigos - Área - Educação e Avaliação', '3d_Artigos_area_Educacao_e_Avaliacao.xml', 'Artigos - Área - Educação e Avaliação', 0, 0, 1),
(107, 5, 222, '8.5', 'Artigos - Área - Objetos de Aprendizagem', 'Artigos - Área - Objetos de Aprendizagem', '3e_Artigos_area_Objetos_Aprendizagem.xml', 'Artigos - Área - Objetos de Aprendizagem', 0, 0, 1),
(108, 5, 222, '8.6', 'Artigos - Área - TV Digital', 'Artigos - Área - TV Digital', '3f_Artigos_area_TV_digital.xml', 'Artigos - Área - TV Digital', 0, 0, 1),
(109, 3, 292, '1', 'Introdução', 'Introdução', '1-introducao.xml', 'Introdução', 0, 0, 0),
(110, 3, 292, '2', 'Usabilidade', 'Usabilidade', '2-usabilidade.xml', 'Usabilidade, avaliação', 0, 0, 0),
(111, 3, 292, '3', 'Problemas de Usabilidade', 'Probl de Usabilid', '3-problemas_usabilidade.xml', 'Problemas, usability', 0, 0, 0),
(112, 3, 292, '4', 'Porque avaliar?', 'Porque avaliar?', '41-porque.xml', 'Porque avaliar?', 0, 0, 0),
(113, 3, 292, '5', 'Objetivos da Avaliação', 'Objetivos da Avaliação', '42-objetivos.xml', 'Objetivos da Avaliação', 0, 0, 0),
(114, 3, 292, '6', 'Técnicas de Avaliação', 'Técnicas de Avaliação', '43-avaliacao.xml', 'Técnicas de Avaliação', 0, 0, 0),
(115, 3, 292, '6.1', 'Técnicas Analíticas (Preditivas, Diagnóstica ou Inspeção)', 'Técnicas Analíticas', '431-analiticas.xml', 'Analíticas, Preditivas , Diagnóstica , Inspeção', 0, 0, 1),
(116, 3, 292, '6.1.1', 'Avaliação Heurística', 'Avaliação Heurística', '4311-heuristica.xml', 'Avaliação Heurística, Nielsen', 0, 0, 0),
(117, 3, 292, '6.1.2', 'Listas de Verificação (Checklist)', 'Listas de Verificação (Checklist)', '4312-checklist.xml', 'Listas de Verificação (Checklist)', 1, 0, 1),
(118, 3, 292, '6.2', 'Técnicas Empíricas (ou Objetivas)', 'Técnicas Empíricas (ou Objetivas)', '432-empiricas.xml', 'Técnicas Empíricas (ou Objetivas)', 0, 0, 0),
(119, 3, 292, '6.2.1', 'Análise de Log', 'Análise de Log', '4321-log.xml', 'Log, Análise', 0, 0, 0),
(120, 3, 292, '6.2.2', 'Ensaios de Interação', 'Ensaios de Interação', '4322-ensaios.xml', 'Ensaios, Interação', 0, 0, 0),
(121, 3, 292, '6.3', 'Técnicas Prospectivas (ou de Pesquisa de Opinião)', 'Prospectivas', '433-prospectivas.xml', 'Prospectivas', 0, 0, 0),
(122, 3, 292, '6.3.1', 'Entrevistas', 'Entrevistas', '4331-entrevistas.xml', 'Entrevistas', 0, 0, 0),
(123, 3, 292, '6.3.2', 'Questionários de Satisfação', 'Questionários de Satisfação', '4332-questionario.xml', 'Questionários de Satisfação', 1, 0, 1),
(124, 3, 292, '7', 'Referências', 'Referências', 'referencias.xml', 'Referências', 0, 0, 0),
(125, 3, 336, '1', 'Processo  de ensino-aprendizagem a distância', 'ensino-aprendizagem a distância', '1c_processo_ensino_aprendizagem_distancia.xml', 'ensino-aprendizagem, ead, concietos', 0, 1, 1),
(126, 3, 336, '1.1', 'Evolução da educação a distância', 'História da EAD', '1b_evolucao_historica.xml', 'Evolução histórica, ead', 0, 0, 0),
(127, 3, 336, '1.2', 'Processo ensino-aprendizagem de adultos', 'Educação de adultos', '1a_ensino_aprendizagem_adultos.xml', 'pedagogia, andragogia, ead', 0, 0, 0),
(128, 3, 336, '2', 'Fundamentos a Educação a Distância', 'Fundamentos a Educação a Distância', '1d_fundamentos_ead.xml', 'Ead', 0, 0, 0),
(129, 3, 336, '2.1', 'Vantagens e desvantagens da ead', 'Vantagens e desvantagens da ead', '1e_vantagens_desvantagens_ead.xml', 'Vantagens, desvantagens, ead', 0, 0, 0),
(130, 3, 336, '3', 'E-learning', 'E-learning', '1f_e_learning.xml', 'E-learning, conceito', 0, 0, 0),
(131, 3, 336, '4', 'Ambientes E-learning', 'Ambientes E-learning', '1g_ambientes_elearning.xml', 'Ambientes E-learning, componentes e modalidades', 0, 0, 0),
(132, 3, 336, '4.1', 'Classificação de Ambientes E-learning', 'Classificação de Ambientes E-learning', '1h_classificacao_ae.xml', 'Classificação, vantagens e desvantagens', 0, 0, 0),
(133, 3, 336, '5', 'Referência da aula - PEA-EAD', 'Referência da aula - PEA-EAD', '1i_referencias.xml', 'Referência', 0, 0, 0),
(134, 3, 336, '6', 'Avaliação de Ambientes E-learning', 'Avaliação de Ambientes E-learning', '2a_avaliacao_ae_conceito.xml', 'Conceito, Ambiente E-learning', 0, 1, 1),
(135, 3, 336, '6.1', 'Modelos de Aprendizagem', 'Modelos de Aprendizagem', '2b_avaliacao_ae_pedagogica-modelos.xml', 'Modelos de Aprendizagem', 0, 0, 0),
(136, 3, 336, '6.2', 'Avaliação Pedagógica: Uso Educacional', 'Avaliação Pedagógica: Uso Educacional', '2c_avaliacao_ae_pedagogica_uso_educacional.xml', 'Avaliação Pedagógica, Uso Educacional', 0, 0, 1),
(137, 3, 336, '6.3', 'Avaliação Tecnológica de Ambientes E-learning', 'Avaliação Técnica', '2d_avaliacao_ae_tecnologica.xml', 'Avaliação Técnica', 0, 0, 1),
(138, 3, 336, '6.3.1', 'Modelos de Avaliação de Qualidade de Software - Dimensão Técnica', 'Modelos de avaliação - Dimensão técnica', '2e_avaliacao_ae_tecnologica_modelos_avaliacao.xml', 'avaliação técnica', 0, 0, 0),
(139, 3, 336, '6.3.2', 'Visão Geral do Método de Avaliação para Ambientes E-learning', 'Método de Avaliação para Ambientes E-learning', '2f_visao_geral_ma_ae.xml', 'Método de Avaliação para Ambientes E-learning', 0, 0, 0),
(140, 3, 336, '6.3.3', 'Visão Geral do Sistema Interativo de Avaliação para Ambientes E-learning - SIA-AE', 'Visão Geral do Sistema Interativo de Avaliação para Ambientes E-learning - SIA-AE', '2g_visao_geral_sia_ae.xml', 'Visão Geral do Sistema Interativo de Avaliação para Ambientes E-learning - SIA-AE', 0, 0, 0),
(141, 3, 336, '7', 'Autoria no Ambiente Adaptweb', 'Autoria no Ambiente Adaptweb', '3a_autoria_adaptweb.xml', 'Autoria no Ambiente Adaptweb', 0, 0, 1),
(142, 3, 336, '8', 'Instrução para Construção de Artigo Técnico-Científico', 'Instrução para Construção de Artigo Técnico-Científico', '3_Instrucao_artigo.xml', 'Instrução para Construção de Artigo Técnico-Científico', 0, 0, 1),
(143, 3, 336, '8.1', 'Artigos - Área - Acessibilidade', 'Artigos - Área - Acessibilidade', '3a_Artigos_area_Acessibilidade.xml', 'Artigos - Área - Acessibilidade', 0, 0, 1),
(144, 3, 336, '8.2', 'Artigos - Área - Ambientes 3D', 'Artigos - Área - Ambientes 3D', '3b_Artigos_area_Ambientes_3D.xml', 'Artigos - Área - Ambientes 3D', 0, 0, 1),
(145, 3, 336, '8.3', 'Artigos - Área - Colaboração', 'Artigos - Área - Colaboração', '3c_Artigos_area_Colaboracao.xml', 'Artigos - Área - Colaboração', 0, 0, 1),
(146, 3, 336, '8.4', 'Artigos - Área - Educação e Avaliação', 'Artigos - Área - Educação e Avaliação', '3d_Artigos_area_Educacao_e_Avaliacao.xml', 'Artigos - Área - Educação e Avaliação', 0, 0, 1),
(147, 3, 336, '8.5', 'Artigos - Área - Objetos de Aprendizagem', 'Artigos - Área - Objetos de Aprendizagem', '3e_Artigos_area_Objetos_Aprendizagem.xml', 'Artigos - Área - Objetos de Aprendizagem', 0, 0, 1),
(148, 3, 336, '8.6', 'Artigos - Área - TV Digital', 'Artigos - Área - TV Digital', '3f_Artigos_area_TV_digital.xml', 'Artigos - Área - TV Digital', 0, 0, 1),
(149, 5, 342, '1', 'Processo  de ensino-aprendizagem a distância', 'ensino-aprendizagem a distância', '1c_processo_ensino_aprendizagem_distancia.xml', 'ensino-aprendizagem, ead, concietos', 0, 1, 1),
(150, 5, 342, '1.1', 'Evolução da educação a distância', 'História da EAD', '1b_evolucao_historica.xml', 'Evolução histórica, ead', 0, 0, 0),
(151, 5, 342, '1.2', 'Processo ensino-aprendizagem de adultos', 'Educação de adultos', '1a_ensino_aprendizagem_adultos.xml', 'pedagogia, andragogia, ead', 0, 0, 1),
(152, 5, 342, '2', 'Fundamentos a Educação a Distância', 'Fundamentos a Educação a Distância', '1d_fundamentos_ead.xml', 'Ead', 0, 0, 1),
(153, 5, 342, '2.1', 'Vantagens e desvantagens da ead', 'Vantagens e desvantagens da ead', '1e_vantagens_desvantagens_ead.xml', 'Vantagens, desvantagens, ead', 0, 0, 0),
(154, 5, 342, '3', 'E-learning', 'E-learning', '1f_e_learning.xml', 'E-learning, conceito', 0, 0, 1),
(155, 5, 342, '4', 'Ambientes E-learning', 'Ambientes E-learning', '1g_ambientes_elearning.xml', 'Ambientes E-learning, componentes e modalidades', 0, 0, 1),
(156, 5, 342, '4.1', 'Classificação de Ambientes E-learning', 'Classificação de Ambientes E-learning', '1h_classificacao_ae.xml', 'Classificação, vantagens e desvantagens', 0, 0, 1),
(157, 5, 342, '5', 'Referência da aula - PEA-EAD', 'Referência da aula - PEA-EAD', '1i_referencias.xml', 'Referência', 0, 0, 0),
(158, 5, 342, '6', 'Avaliação de Ambientes E-learning', 'Avaliação de Ambientes E-learning', '2a_avaliacao_ae_conceito.xml', 'Conceito, Ambiente E-learning', 0, 1, 1),
(159, 5, 342, '6.1', 'Modelos de Aprendizagem', 'Modelos de Aprendizagem', '2b_avaliacao_ae_pedagogica-modelos.xml', 'Modelos de Aprendizagem', 0, 0, 1),
(160, 5, 342, '6.2', 'Avaliação Pedagógica: Uso Educacional', 'Avaliação Pedagógica: Uso Educacional', '2c_avaliacao_ae_pedagogica_uso_educacional.xml', 'Avaliação Pedagógica, Uso Educacional', 0, 0, 1),
(161, 5, 342, '6.3', 'Avaliação Tecnológica de Ambientes E-learning', 'Avaliação Técnica', '2d_avaliacao_ae_tecnologica.xml', 'Avaliação Técnica', 0, 0, 1),
(162, 5, 342, '6.3.1', 'Modelos de Avaliação de Qualidade de Software - Dimensão Técnica', 'Modelos de avaliação - Dimensão técnica', '2e_avaliacao_ae_tecnologica_modelos_avaliacao.xml', 'avaliação técnica', 0, 0, 0),
(163, 5, 342, '6.3.2', 'Visão Geral do Método de Avaliação para Ambientes E-learning', 'Método de Avaliação para Ambientes E-learning', '2f_visao_geral_ma_ae.xml', 'Método de Avaliação para Ambientes E-learning', 0, 0, 0),
(164, 5, 342, '6.3.3', 'Visão Geral do Sistema Interativo de Avaliação para Ambientes E-learning - SIA-AE', 'Visão Geral do Sistema Interativo de Avaliação para Ambientes E-learning - SIA-AE', '2g_visao_geral_sia_ae.xml', 'Visão Geral do Sistema Interativo de Avaliação para Ambientes E-learning - SIA-AE', 0, 0, 0),
(165, 5, 342, '7', 'Autoria no Ambiente Adaptweb', 'Autoria no Ambiente Adaptweb', '3a_autoria_adaptweb.xml', 'Autoria no Ambiente Adaptweb', 0, 0, 1),
(166, 5, 342, '8', 'Instrução para Construção de Artigo Técnico-Científico', 'Instrução para Construção de Artigo Técnico-Científico', '3_Instrucao_artigo.xml', 'Instrução para Construção de Artigo Técnico-Científico', 0, 0, 1),
(167, 5, 342, '8.1', 'Artigos - Área - Acessibilidade', 'Artigos - Área - Acessibilidade', '3a_Artigos_area_Acessibilidade.xml', 'Artigos - Área - Acessibilidade', 0, 0, 1),
(168, 5, 342, '8.2', 'Artigos - Área - Ambientes 3D', 'Artigos - Área - Ambientes 3D', '3b_Artigos_area_Ambientes_3D.xml', 'Artigos - Área - Ambientes 3D', 0, 0, 1),
(169, 5, 342, '8.3', 'Artigos - Área - Colaboração', 'Artigos - Área - Colaboração', '3c_Artigos_area_Colaboracao.xml', 'Artigos - Área - Colaboração', 0, 0, 1),
(170, 5, 342, '8.4', 'Artigos - Área - Educação e Avaliação', 'Artigos - Área - Educação e Avaliação', '3d_Artigos_area_Educacao_e_Avaliacao.xml', 'Artigos - Área - Educação e Avaliação', 0, 0, 1),
(171, 5, 342, '8.5', 'Artigos - Área - Objetos de Aprendizagem', 'Artigos - Área - Objetos de Aprendizagem', '3e_Artigos_area_Objetos_Aprendizagem.xml', 'Artigos - Área - Objetos de Aprendizagem', 0, 0, 1),
(172, 5, 342, '8.6', 'Artigos - Área - TV Digital', 'Artigos - Área - TV Digital', '3f_Artigos_area_TV_digital.xml', 'Artigos - Área - TV Digital', 0, 0, 1),
(173, 6, 345, '1', '1 - Conceitos Básicos', 'Conceitos Básicos', '1_conceitos_basicos_introducao-html.xml', 'Conceitos Básicos', 0, 0, 0),
(174, 6, 345, '1.1', 'Computador', 'Computador', '1_1_conceitos_basicos_computador-html.xml', 'Computador', 0, 0, 0),
(175, 6, 345, '1.2', 'Processamento de Dados', 'Processamento de Dados', '1_2_processamentodados-html.xml', 'Processamento de Dados', 0, 0, 0),
(176, 6, 345, '1.3', 'Noções de Algoritmos', 'Noções de Algoritmos', '1_3_nocoesalgoritmos-html.xml', 'Noções de Algoritmos', 0, 0, 0),
(177, 6, 345, '1.4', 'Representação da informação', 'Representação da informação', '1_4_representacao_informacao-html.xml', 'Representação da informação', 0, 0, 0),
(178, 6, 345, '2', '2 - Sistema Numérico', 'Sistema Numérico', '2_sistema_numerico-html.xml', 'Sistema Numérico', 0, 0, 0),
(179, 6, 345, '2.1', 'Sistema Posicional', 'Sistema Posicional', '2_1_sistema_posicional-html.xml', 'Sistema Posicional', 0, 0, 0),
(180, 6, 345, '2.2', 'Numeração', 'Numeração', '2_2_sistema_numeracao-html.xml', 'Numeração', 0, 0, 0),
(181, 6, 345, '2.3', 'Sistema Decimal', 'Sistema Decimal', '2_3_sistema_decimal-html.xml', 'Sistema Decimal', 0, 0, 0),
(182, 6, 345, '2.4', 'Sistema Binário', 'Sistema Binário', '2_4_sistema_binario-html.xml', 'Sistema Binário', 0, 0, 0),
(183, 6, 345, '2.5', 'Sistem Hexadecimal', 'Sistem Hexadecimal', '2_5_sistema_hexadecimal-html.xml', 'Sistem Hexadecimal', 0, 0, 0),
(184, 6, 345, '2.6', 'Sistema Octal', 'Sistema Octal', '2_6_sistema_octal-html.xml', 'Sistema Octal', 0, 0, 0),
(185, 6, 345, '2.7', 'Tabela de bases', 'Tabela de bases', '2_7_tabela_de_bases-html.xml', 'Tabela de bases', 0, 0, 0),
(186, 6, 345, '3', '3 - Aritmética Binária sem Sinal', 'Aritmética Binária sem Sinal', '3_1_aritmetica_binaria_sinal-html.xml', 'Aritmética Binária sem Sinal', 0, 0, 0),
(187, 6, 345, '3.1', 'Aritmética Binária com Sinal', 'Aritmética Binária com Sinal', '3_1_aritmetica_binaria_sinal-html.xml', 'Aritmética Binária com Sinal', 0, 0, 0),
(188, 6, 345, '4', '4 - Codificação Binária', 'Codificação Binária', '4_codificacao_binaria-html.xml', 'Codificação Binária', 0, 0, 0),
(189, 6, 345, '4.1', 'Sistema BCD', 'Sistema BCD', '4_1_sistema_bcd-html.xml', 'Sistema BCD', 0, 0, 0),
(190, 6, 345, '4.2', 'Excesso-de-3', 'Excesso-de-3', '4_2_sistema_excesso-de-3-html.xml', 'Excesso-de-3', 0, 0, 0),
(191, 6, 345, '4.3', 'Código binário de 5 bits', 'Código binário de 5 bits', '4_3_codigo_binario_de_5_bits-html.xml', 'Código binário de 5 bits', 0, 0, 0),
(192, 6, 345, '4.4', 'Códigos Gray', 'Códigos Gray', '4_4_codigos_de_gray-html.xml', 'Códigos Gray', 0, 0, 0),
(193, 6, 345, '4.5', 'Detecção de erros e paridade', 'Detecção de erros e paridade', '4_5_deteccao_de_erros_e_paridade-html.xml', 'Detecção de erros e paridade', 0, 0, 0),
(194, 6, 345, '4.6', 'Código de Hamming', 'Código de Hamming', '4_6_codigo_de_hamming-html.xml', 'Código de Hamming', 0, 0, 0),
(195, 6, 345, '4.7', 'Código ASCII e outros padrões', 'Código ASCII e outros padrões', '4_7_codigo_ascii-html.xml', 'Código ASCII e outros padrões', 0, 0, 0),
(196, 6, 345, '5', '5 - Ponto Flutuante e Fixo', 'Ponto Flutuante e Fixo', '5_ponto_fluante_fixo-html.xml', 'Ponto Flutuante e Fixo', 0, 0, 0),
(197, 6, 345, '5.1', 'Ponto Fixo', 'Ponto Fixo', '5_1_ponto_fixo-html.xml', 'Ponto Fixo', 0, 0, 0),
(198, 6, 345, '5.2', 'Representação de números reais', 'Representação de números reais', '5_2_representacao_de_numeros-html.xml', 'Representação de números reais', 0, 0, 0),
(199, 6, 345, '5.3', 'Ponto Flutuante', 'Ponto Flutuante', '5_3_ponto_flutuante-html.xml', 'Ponto Flutuante', 0, 0, 0),
(200, 6, 345, '5.4', 'Normalização', 'Normalização', '5_4_normalizacao-html.xml', 'Normalização', 0, 0, 0),
(201, 6, 345, '5.5', 'Aritmética Ponto Flutuante', 'Aritmética Ponto Flutuante', '5_5_aritmetica_pf-html.xml', 'Aritmética Ponto Flutuante', 0, 0, 0),
(202, 6, 345, '5.6', 'Padrão IEEE 754', 'Padrão IEEE 754', '5_6_padrao_ieee_754-html.xml', 'Padrão IEEE 754', 0, 0, 0),
(203, 6, 345, '6', '6 - Arquitetura Computador', 'Arquitetura Computador', '6_arquitetura_computador-html.xml', 'Arquitetura Computador', 0, 0, 0),
(204, 6, 345, '6.1', 'Memória', 'Memória', '6_1_memoria-html.xml', 'Memória', 0, 0, 0),
(205, 6, 345, '6.1.1', 'Tipos de memória', 'Tipos de memória', '6_1_1_tipos_de_memoria-html.xml', 'Tipos de memória', 0, 0, 0),
(206, 6, 345, '6.1.2', 'Hierarquia de memória', 'Hierarquia de memória', '6_1_2_hierarquia_de_memoria-html.xml', 'Hierarquia de memória', 0, 0, 0),
(207, 6, 345, '6.1.3', 'Memória Cache', 'Memória Cache', '6_1_3_memoria_cache-html.xml', 'Memória Cache', 0, 0, 0),
(208, 6, 345, '6.2', 'Classificação de computadores e medidas de desempenho', 'Classificação de computadores e medidas de desempenho', '6_2_tipos_de_computadores-html.xml', 'Classificação de computadores e medidas de desempenho', 0, 0, 0),
(209, 6, 345, '6.3', 'Von Neumann', 'Von Neumann', '6_3_von_neumann-html.xml', 'Von Neumann', 0, 0, 0),
(210, 6, 345, '7', '7 - Conjunto de instruções', '7 - Conjunto de instruções', '7_conjunto_de_instrucoes-html.xml', '7 - Conjunto de instruções', 0, 0, 0),
(211, 6, 345, '7.1', 'Processadores RISC e CISC', 'Processadores RISC e CISC', '7_1_processadores_risc__cisc-html.xml', 'Processadores RISC e CISC', 0, 0, 0),
(212, 6, 345, '7.2', 'Instrução', 'Instrução', '7_2_instrucao-html.xml', 'Instrução', 0, 0, 0),
(213, 6, 345, '7.3', 'Tipos de Instruções e Endereçamento', 'Tipos de Instruções e Endereçamento', '7_3_tipos_de_instrucoes_e_enderecamento-html.xml', 'Tipos de Instruções e Endereçamento', 0, 0, 0),
(214, 6, 345, '7.4', 'Formato de instrução 4 endereços', 'Formato de instrução 4 endereços', '7_4_formato_de_instrucao_4_enderecos-html.xml', 'Formato de instrução 4 endereços', 0, 0, 0),
(215, 6, 345, '7.5', 'Formato de instrução 3 endereços', 'Formato de instrução 3 endereços', '7_5_formato_de_instrucao_3_enderecos-html.xml', 'Formato de instrução 3 endereços', 0, 0, 0),
(216, 6, 345, '7.6', 'Formato de instrução 2 endereços', 'Formato de instrução 2 endereços', '7_6_formato_de_instrucao_2_enderecos-html.xml', 'Formato de instrução 2 endereços', 0, 0, 0),
(217, 6, 345, '7.7', 'Formato de instrução 1 endereço', 'Formato de instrução 1 endereço', '7_7_formato_de_instrucao_1_endereco-html-html.xml', 'Formato de instrução 1 endereço', 0, 0, 0),
(218, 6, 345, '7.8', 'Formato de instrução 0 endereço', 'Formato de instrução 0 endereço', '7_8_formato_de_instrucao_0_endereco-html-html.xml', 'Formato de instrução 0 endereço', 0, 0, 0),
(219, 6, 345, '8', '8 - Neander', 'Neander', '8_neander_nova-html.xml', 'Neander', 0, 0, 0),
(220, 6, 345, '8.1', 'Organização do Sistema de memória', 'Organização do Sistema de memória', '8_1_organizacao_memoria-html--html.xml', 'Organização do Sistema de memória', 0, 0, 0),
(221, 6, 345, '8.2', 'Organização da UAL', 'Organização da UAL', '8_2_organizacao_ual-html.xml', 'Organização da UAL', 0, 0, 0),
(222, 6, 345, '8.3', 'Organização Registrador de Instrução', 'Organização Registrador de Instrução', '8_3_registrador_de_instrucao-html.xml', 'Organização Registrador de Instrução', 0, 0, 0),
(223, 6, 345, '8.4', 'Organização Final', 'Organização Final', '8_4_organizacao_final-html.xml', 'Organização Final', 0, 0, 0),
(224, 6, 345, '8.5', 'Organização Sinais de controle', 'Organização Sinais de controle', '8_5_organizacao_sinais_de_controle-html.xml', 'Organização Sinais de controle', 0, 0, 0),
(225, 6, 345, '8.6', 'Neander Conjunto de instruções', 'Neander Conjunto de instruções', '8_6_neander_conjunto_de_instrucoes-html.xml', 'Neander Conjunto de instruções', 0, 0, 0),
(226, 6, 345, '8.7', 'Neander Leitura e Instruções', 'Neander Leitura e Instruções', '8_7_neander_leitura_e_instrucoes-html.xml', 'Neander Leitura e Instruções', 0, 0, 0),
(227, 6, 345, '8.8', 'Programando em Assembly para Neander', 'Programando em Assembly para Neander', '8_8_neander_assembly-html.xml', 'Programando em Assembly para Neander', 0, 0, 0),
(228, 6, 345, '9', '9 - Álgebra Booleana', 'Álgebra Booleana', '9_algebra_booleana-html.xml', 'Álgebra Booleana', 0, 0, 0),
(229, 6, 345, '9.1', 'Operações básicas: NOT', 'Operações básicas: NOT', '9_1_operacoes_basicas_not-html.xml', 'Operações básicas: NOT', 0, 0, 0),
(230, 6, 345, '9.2', 'Operações básicas: AND', 'Operações básicas: AND', '9_2_operacoes_basicas_and-html.xml', 'Operações básicas: AND', 0, 0, 0),
(231, 6, 345, '9.2.1', 'Operações básicas: AND com 3 variáveis de entrada', 'Operações básicas: AND com 3 variáveis de entrada', '9_2_1_operacoes_basicas_and_3_variaveis-html.xml', 'Operações básicas: AND com 3 variáveis de entrada', 0, 0, 0),
(232, 6, 345, '9.3', 'Operações básicas: OR', 'Operações básicas: OR', '9_3_operacoes_basicas_or-html.xml', 'Operações básicas: OR', 0, 0, 0),
(233, 6, 345, '9.3.1', 'Operações básicas: OR com 3 variáveis de entrada', 'Operações básicas: OR com 3 variáveis de entrada', '9_3_1_operacoes_basicas_or_3_variaveis-html.xml', 'Operações básicas: OR com 3 variáveis de entrada', 0, 0, 0),
(234, 6, 345, '9.4', 'Outras Portas Lógicas', 'Outras Portas Lógicas', '9_4_outras_portas_logicas-html.xml', 'Outras Portas Lógicas', 0, 0, 0),
(235, 6, 345, '9.5', 'Avaliação de Expressões Booleanas', 'Avaliação de Expressões Booleanas', '9_5_expressoes_booleanas-html.xml', 'Avaliação de Expressões Booleanas', 0, 0, 0),
(236, 6, 345, '9.6', 'Circuitos Lógicos', 'Circuitos Lógicos', '9_6_circuitos_logicos-html.xml', 'Circuitos Lógicos', 0, 0, 0);

-- --------------------------------------------------------

--
-- Table structure for table `usuarios`
--

CREATE TABLE IF NOT EXISTS `usuarios` (
  `CodigoUsuario` int(11) NOT NULL auto_increment,
  `NomeUsuario` varchar(255) collate latin1_bin NOT NULL,
  `InstituicaoUsuario` varchar(255) collate latin1_bin default NULL,
  `ObservacaoUsuario` varchar(255) collate latin1_bin default NULL,
  `StatusUsuario` tinyint(1) NOT NULL,
  `TipoUsuario` varchar(255) collate latin1_bin NOT NULL,
  PRIMARY KEY  (`CodigoUsuario`)
) ENGINE=MyISAM  DEFAULT CHARSET=latin1 COLLATE=latin1_bin AUTO_INCREMENT=10 ;

--
-- Dumping data for table `usuarios`
--

INSERT INTO `usuarios` (`CodigoUsuario`, `NomeUsuario`, `InstituicaoUsuario`, `ObservacaoUsuario`, `StatusUsuario`, `TipoUsuario`) VALUES
(1, 'root', 'null', 'null', 1, 'root'),
(3, 'Isabela Gasparini', 'UDESC - Universidade do Estado de Santa Catarina', 'null', 1, 'professor'),
(5, 'Avanilde Kemczinski', 'UDESC - Universidade do Estado de Santa Catarina', 'Teste', 1, 'professor'),
(4, 'Diogo Veber Lima', 'UFPEL', 'aluno, bolsista', 0, 'aluno'),
(6, 'Ana Marilza Pernas', 'UFPel', '', 1, 'professor'),
(7, 'Aluno Teste ', 'UFPel', 'usuario de teste', 0, 'aluno'),
(8, 'teste teste', 'teste', 'teste', 0, 'aluno'),
(9, 'Vilnei H.', 'UFPEL', '', 0, 'aluno');
